week,weekly_trimp,acute_7d,chronic_28d,ac_ratio
2019-02-19,1.5833333333333333,1.5833333333333333,,
2019-04-09,0.0,0.0,,
2019-04-16,0.05,0.05,,
2019-04-23,1.4,1.4,0.7583333333333333,1.846153846153846
2019-06-04,0.31666666666666665,0.31666666666666665,0.44166666666666665,0.7169811320754716
2019-07-02,0.0,0.0,0.44166666666666665,0.0
2019-09-03,1.65,1.65,0.8416666666666666,1.9603960396039606
2019-09-17,0.016666666666666666,0.016666666666666666,0.4958333333333333,0.033613445378151266
2019-12-10,0.0,0.0,0.41666666666666663,0.0
2019-12-31,149.86666666666667,149.86666666666667,37.88333333333333,3.9560052793664764
2020-01-07,114.33333333333333,114.33333333333333,66.05416666666666,1.730902668264682
2020-03-03,16.03333333333333,16.03333333333333,70.05833333333334,0.2288569049601522
2020-03-17,11.233333333333333,11.233333333333333,72.86666666666666,0.15416285452881975
2020-04-14,0.0,0.0,35.4,0.0
2020-06-30,13.133333333333333,13.133333333333333,10.1,1.3003300330033003
2020-08-18,23.05,23.05,11.854166666666666,1.9444639718804924
2020-09-15,0.33333333333333337,0.33333333333333337,9.129166666666666,0.03651300775901416
2020-10-27,0.25,0.25,9.191666666666666,0.027198549410698096
2020-11-03,5.333333333333333,5.333333333333333,7.241666666666665,0.7364787111622556
2020-11-10,6.166666666666667,6.166666666666667,3.020833333333333,2.0413793103448277
2020-11-17,2.7666666666666666,2.7666666666666666,3.6291666666666664,0.7623421354764639
2020-12-01,2.266666666666667,2.266666666666667,4.133333333333333,0.5483870967741937
2021-01-05,0.31666666666666665,0.31666666666666665,2.879166666666667,0.10998552821997104
2021-01-12,0.8,0.8,1.5375,0.5203252032520325
2021-01-19,0.6833333333333333,0.6833333333333333,1.0166666666666668,0.6721311475409835
2021-01-26,0.21666666666666667,0.21666666666666667,0.5041666666666667,0.4297520661157025
2021-02-02,0.2,0.2,0.47500000000000003,0.42105263157894735
2021-02-16,0.23333333333333334,0.23333333333333334,0.33333333333333337,0.7
2021-02-23,0.26666666666666666,0.26666666666666666,0.22916666666666669,1.1636363636363636
2021-03-02,0.5333333333333333,0.5333333333333333,0.30833333333333335,1.7297297297297296
2021-03-09,0.2,0.2,0.30833333333333335,0.6486486486486487
2021-03-16,0.2,0.2,0.3,0.6666666666666667
2021-03-23,0.4,0.4,0.33333333333333337,1.2
2021-03-30,0.18333333333333335,0.18333333333333335,0.24583333333333332,0.7457627118644069
2021-04-06,0.9500000000000001,0.9500000000000001,0.43333333333333335,2.1923076923076925
2021-04-20,7.816666666666668,7.816666666666668,2.3375000000000004,3.344028520499109
2021-10-12,2.716666666666667,2.716666666666667,2.916666666666667,0.9314285714285714
2021-12-14,0.13333333333333333,0.13333333333333333,2.904166666666667,0.04591104734576757
2021-12-21,1.0666666666666667,1.0666666666666667,2.9333333333333336,0.3636363636363636
2022-02-01,0.11666666666666667,0.11666666666666667,1.0083333333333333,0.11570247933884298
2022-02-08,1.7166666666666666,1.7166666666666666,0.7583333333333333,2.2637362637362637
2022-02-15,4.183333333333334,4.183333333333334,1.7708333333333335,2.3623529411764705
2022-02-22,0.8,0.8,1.7041666666666668,0.46943765281173594
2022-03-01,0.43333333333333335,0.43333333333333335,1.7833333333333334,0.24299065420560748
2022-03-08,2.1833333333333336,2.1833333333333336,1.9000000000000004,1.1491228070175439
2022-03-22,0.6166666666666667,0.6166666666666667,1.0083333333333337,0.611570247933884
2022-03-29,5.316666666666666,5.316666666666666,2.1375,2.4873294346978554
2022-04-05,1.1,1.1,2.304166666666667,0.4773960216998191
2022-04-12,2.066666666666667,2.066666666666667,2.2750000000000004,0.9084249084249084
2022-04-19,1.65,1.65,2.5333333333333337,0.6513157894736841
2022-04-26,0.9666666666666668,0.9666666666666668,1.4458333333333337,0.6685878962536022
2022-05-03,5.466666666666667,5.466666666666667,2.5375000000000005,2.1543513957307057
2022-05-10,2.533333333333333,2.533333333333333,2.6541666666666672,0.9544740973312399
2022-05-17,3.6500000000000004,3.6500000000000004,3.1541666666666672,1.1571994715984146
2022-05-24,3.2666666666666666,3.2666666666666666,3.729166666666667,0.8759776536312849
2022-05-31,0.8,0.8,2.5625000000000004,0.31219512195121946
2022-06-21,4.15,4.15,2.9666666666666672,1.3988764044943818
2022-08-16,3.3166666666666664,3.3166666666666664,2.8833333333333337,1.1502890173410403
2022-08-23,1.7333333333333334,1.7333333333333334,2.500000000000001,0.6933333333333331
2022-10-11,0.6666666666666666,0.6666666666666666,2.4666666666666672,0.2702702702702702
2022-10-18,3.3,3.3,2.254166666666667,1.4639556377079481
2022-10-25,1.7666666666666666,1.7666666666666666,1.8666666666666671,0.9464285714285712
2022-11-22,0.7666666666666666,0.7666666666666666,1.6250000000000004,0.4717948717948716
2022-12-06,4.566666666666666,4.566666666666666,2.6000000000000005,1.756410256410256
2023-01-03,48.05,48.05,13.7875,3.485040797824116
2023-03-28,2.1666666666666665,2.1666666666666665,13.8875,0.156015601560156
2023-04-11,1.7833333333333334,1.7833333333333334,14.141666666666667,0.12610489098408956
2023-04-18,2.95,2.95,13.737499999999999,0.21474067333939947
2023-05-02,8.0,8.0,3.725,2.1476510067114094
2023-05-09,4.466666666666667,4.466666666666667,4.300000000000001,1.0387596899224805
2023-05-23,10.733333333333334,10.733333333333334,6.5375000000000005,1.6418100701083493
2023-05-30,3.083333333333333,3.083333333333333,6.570833333333334,0.4692454026632846
2023-06-13,2.4,2.4,5.170833333333333,0.4641418211120064
2023-06-20,3.9499999999999997,3.9499999999999997,5.041666666666667,0.7834710743801652
2023-06-27,7.633333333333334,7.633333333333334,4.266666666666667,1.7890625000000002
2023-07-04,13.133333333333333,13.133333333333333,6.779166666666667,1.9373079287031345
2023-07-11,12.133333333333333,12.133333333333333,9.212499999999999,1.3170511080958844
2023-08-08,14.466666666666665,14.466666666666665,11.841666666666667,1.2216748768472905
2023-08-15,13.933333333333334,13.933333333333334,13.416666666666668,1.0385093167701862
2023-08-22,2.6,2.6,10.783333333333331,0.24111282843894905
2023-08-29,2.7666666666666666,2.7666666666666666,8.441666666666666,0.32773938795656465
2023-09-05,1.8333333333333335,1.8333333333333335,5.283333333333333,0.34700315457413256
2023-09-12,0.7000000000000001,0.7000000000000001,1.975,0.35443037974683544
2023-09-19,2.683333333333333,2.683333333333333,1.9958333333333336,1.34446764091858
2023-10-03,3.2833333333333337,3.2833333333333337,2.125,1.5450980392156863
2023-10-17,0.9666666666666667,0.9666666666666667,1.9083333333333334,0.5065502183406113
2023-11-07,2.333333333333333,2.333333333333333,2.3166666666666664,1.0071942446043165
2023-11-14,0.6,0.6,1.7958333333333332,0.3341067285382831
2023-12-26,2.15,2.15,1.5125,1.421487603305785
2024-01-09,0.0,0.0,1.2708333333333333,0.0
2024-01-16,155.86666666666667,155.86666666666667,39.65416666666667,3.9306504150467583
2024-01-23,185.64999999999998,185.64999999999998,85.91666666666666,2.1608147429679923
2024-01-30,109.06666666666668,109.06666666666668,112.64583333333334,0.9682263732199001
2024-02-06,47.91666666666667,47.91666666666667,124.625,0.3844867937144768
2024-02-13,9.583333333333332,9.583333333333332,88.05416666666667,0.10883452420385177
2024-03-12,12.916666666666666,12.916666666666666,44.87083333333334,0.28786331135667187
2024-03-19,4.633333333333333,4.633333333333333,18.7625,0.24694648012436152
2024-03-26,8.916666666666666,8.916666666666666,9.0125,0.9893666204345816
2024-04-02,22.216666666666665,22.216666666666665,12.170833333333333,1.825402259500171
2024-04-09,5.9,5.9,10.416666666666666,0.5664
2024-04-16,1.8,1.8,9.708333333333334,0.1854077253218884
2024-04-30,20.166666666666664,20.166666666666664,12.520833333333332,1.6106489184692179
2024-05-07,20.683333333333334,20.683333333333334,12.1375,1.704085135599039
2024-05-14,6.833333333333334,6.833333333333334,12.370833333333334,0.5523745368811048
2024-05-21,5.1,5.1,13.195833333333333,0.38648563309125356
2024-05-28,11.033333333333333,11.033333333333333,10.912500000000001,1.0110729285987017
2024-06-04,22.483333333333334,22.483333333333334,11.3625,1.9787312064539786
2024-06-11,3.9000000000000004,3.9000000000000004,10.629166666666666,0.3669149353194826
2024-06-18,29.250000000000004,29.250000000000004,16.66666666666667,1.7549999999999997
2024-06-25,5.533333333333333,5.533333333333333,15.291666666666668,0.3618528610354223
2024-07-02,0.2833333333333333,0.2833333333333333,9.741666666666669,0.02908468776732249
2024-07-09,6.183333333333334,6.183333333333334,10.312500000000002,0.5995959595959596
2024-07-16,8.65,8.65,5.1625,1.6755447941888622
2024-07-23,9.016666666666667,9.016666666666667,6.033333333333333,1.494475138121547
2024-08-06,7.7666666666666675,7.7666666666666675,7.904166666666667,0.9826041117554034
2024-08-13,7.066666666666667,7.066666666666667,8.125000000000002,0.8697435897435897
2024-08-20,2.3,2.3,6.5375000000000005,0.3518164435946462
2024-08-27,5.3999999999999995,5.3999999999999995,5.633333333333333,0.9585798816568047
2024-09-03,11.933333333333334,11.933333333333334,6.675,1.787765293383271
2024-09-10,1.65,1.65,5.320833333333333,0.3101018010963195
2024-09-17,0.9833333333333333,0.9833333333333333,4.991666666666666,0.1969949916527546
2024-09-24,10.100000000000001,10.100000000000001,6.166666666666667,1.637837837837838
2024-10-08,9.7,9.7,5.608333333333333,1.7295690936106982
2024-10-29,0.9500000000000001,0.9500000000000001,5.433333333333334,0.17484662576687118
2024-12-31,44.53333333333333,44.53333333333333,16.320833333333333,2.7286188409497063
2025-01-07,27.95,27.95,20.78333333333333,1.3448275862068966
2025-02-25,2.5,2.5,18.98333333333333,0.13169446883230906
2025-03-04,49.6,49.6,31.145833333333332,1.5925083612040134
2025-03-18,41.55,41.55,30.400000000000002,1.3667763157894735
2025-04-01,14.3,14.3,26.9875,0.5298749421028254
2025-04-08,16.983333333333334,16.983333333333334,30.608333333333334,0.5548597876395317
2025-04-15,21.733333333333334,21.733333333333334,23.641666666666666,0.9192809305604512
2025-04-22,158.56666666666666,158.56666666666666,52.89583333333333,2.997715636077196
2025-04-29,66.35000000000001,66.35000000000001,65.90833333333333,1.006701226450879
2025-05-06,46.05,46.05,73.175,0.6293132900580799
2025-05-20,105.38333333333333,105.38333333333333,94.08749999999999,1.1200566848235243
2025-05-27,182.56666666666666,182.56666666666666,100.08749999999999,1.8240706048873903
2025-06-03,19.366666666666667,19.366666666666667,88.34166666666665,0.21922460145269318
2025-06-10,6.333333333333333,6.333333333333333,78.41249999999998,0.08076943514533186
2025-07-08,48.983333333333334,48.983333333333334,64.3125,0.7616456106252025
2025-07-15,79.36666666666667,79.36666666666667,38.512499999999996,2.0608027696635296
2025-07-22,131.1,131.1,66.44583333333333,1.9730356806922933
2025-07-29,45.08333333333333,45.08333333333333,76.13333333333333,0.5921628721541156
2025-08-05,58.03333333333333,58.03333333333333,78.39583333333333,0.7402604305075737
2025-08-12,203.96666666666664,203.96666666666664,109.54583333333332,1.8619299380015975
2025-08-19,144.65,144.65,112.93333333333331,1.2808441558441561
2025-08-26,124.60000000000002,124.60000000000002,132.8125,0.9381647058823531
