workout_id,start_utc,miles,pace_min_per_mile_eff,z_pace,is_exceptional,is_struggle
e5a06c4c37e0cd2472163c63be96dbea464506f7,2020-10-30 13:41:42+00:00,1.3634734403878235,16.624249752906213,-0.4626058748020217,False,False
98ca594883ea197cd123767f180760572e8b261c,2020-11-03 16:59:30+00:00,1.0328018428675623,17.751109786718565,-0.2012108017873381,False,False
a905d669b54b47d14e12cd0e67bf0bcc0d123b1d,2020-11-04 15:58:35+00:00,1.3360708095566345,18.973592436771924,0.08236562472659911,False,False
705c516340673f2f150db794991e993d44898b3c,2020-11-06 18:13:41+00:00,0.945825557684328,17.973760716476544,-0.14956298902041051,False,False
c9fb37511b1a17279463cc8051c720e090fe91ea,2020-11-08 17:09:16+00:00,1.9108375582974806,18.665508829344006,0.01090019455618459,False,False
57956150c7e3ade8a92cbbacd682337bf15c5f77,2020-11-13 20:18:46+00:00,0.9888074299596811,17.765552519335255,-0.19786055505429986,False,False
368a43c0f1b203d57ea945df584c88b4c1e7931d,2020-11-17 23:45:23+00:00,1.7085152439716325,18.524902705705074,-0.02171587740668935,False,False
ab325159f2c78229ac349339fde402145c83c897,2020-11-18 23:35:03+00:00,1.7586931271773865,17.683629291644813,-0.21686409359607733,False,False
c4874ab21111728b37213910f6367ac0da5fc697,2020-12-01 21:01:58+00:00,1.644014441819034,17.46744877125763,-0.26701098071193546,False,False
223f1638daace74cb5362211e8d9a250d5f3280a,2020-12-03 23:12:44+00:00,1.9986006860904877,18.55469467298263,-0.01480510479243504,False,False
4d8910f446f48f6455a2b1a3ddac6703d774f50a,2021-01-12 19:21:55+00:00,1.8896540124796575,12.744869184088037,-1.3624966656815871,False,False
a1de1743219b0968ae98022fefd55b0186cd34fa,2021-02-03 21:58:16+00:00,1.5023948731931855,21.487968409164623,0.6656195082336627,False,False
607cd1c4fc207bb1f29da72f53d8bbebf14846df,2021-03-01 19:59:33+00:00,0.8767007847919033,21.938364230134127,0.7700967680309844,False,False
c23b316cdf5f226d35717c65203fb845c26b8f0c,2021-04-12 20:36:57+00:00,1.6777804556925713,19.89736868971081,0.29665183050253413,False,False
67eb12ea62c786a64a7cc208ed8c53a0a66d0611,2021-04-23 22:03:20+00:00,0.28524251903623876,17.64584698187405,-0.22562836717473927,False,False
cbc67eedfc56644f2a2f88c332abf6c97aef2605,2021-10-15 02:56:15+00:00,0.10575988480816582,19.698759271706543,0.250580870700197,False,False
c0a8cc43be1e5f461382bc3cfd2e30abf9485912,2021-10-17 03:46:54+00:00,0.3403426818322856,22.9181345837578,0.9973717937115298,False,False
eaa521fd8fa9d36f7468cd8f2feab4926dbe3e00,2022-03-08 21:55:58+00:00,0.15501184920654795,18.708293738626303,0.0208249093833988,False,False
421d4aec42ef4a84c6f8b9d621bc83b917373207,2022-03-08 21:59:36+00:00,0.15501184920654795,18.708293738626303,0.0208249093833988,False,False
65ce64ccaabb3897c80bd58baee6eb0f27b23c5f,2022-03-27 18:39:47+00:00,0.32034428602555237,19.4582800385261,0.1947974682992347,False,False
058094da914f8efc12940f238d361d21a13c60ba,2022-03-27 18:54:00+00:00,0.32034428602555237,19.4582800385261,0.1947974682992347,False,False
08bcbd640df90d42990b71843538d246e4317749,2022-04-20 18:15:58+00:00,0.10927390705549483,19.217810327441654,0.1390162747164954,False,False
d81fa4028f8464778d021dc86b8470fdd5ec23ed,2022-04-21 20:23:38+00:00,1.4045123104636508,19.117003486119895,0.11563234871236415,False,False
d47f1d1c837a1fb768fbccfb70a47455ae85a720,2022-04-28 01:31:50+00:00,0.22688614357054832,24.388210753217244,1.3383819068778888,False,False
9ba61868560f518a504beabfaf0b47b02d2be085,2022-04-30 01:21:36+00:00,0.3532573124894975,22.882338563410418,0.9890682750210289,False,False
b5b284e87edb23a5b19b4457a17e221da9fb2c37,2022-05-05 01:29:54+00:00,0.7810615358685619,17.497597829913865,-0.2600173744500216,False,False
827d774b8bae1bd1dc37a0a13637351f2a7e08a8,2022-05-05 21:17:18+00:00,1.8686629092808762,17.615134499250654,-0.23275266956981544,False,False
398b41523b0369aa72d12d500431974bff6b96bc,2022-05-06 21:18:50+00:00,1.4749175909119863,17.469946028341177,-0.2664316978568307,False,False
d745f3be646073fc9d4263d9b2acb262a9d20b08,2022-06-02 19:54:02+00:00,1.853051082364189,17.871471160735794,-0.17329085680274187,False,False
5189ef29494765f74e57652bae64353b77b47ba1,2022-06-27 18:18:22+00:00,1.3358551829009944,18.0533989889911,-0.13108948615929863,False,False
4fa67dfcb4d39d68006fe8d1f4d20d075c4e66b1,2022-08-20 21:17:24+00:00,0.7648469743766284,19.56823308136827,0.2203030171691143,False,False
9515ccf7395719b7c276c72e5d65bebcc10942cb,2022-08-21 00:57:20+00:00,0.5830842148279146,20.866105782673724,0.521367496644653,False,False
5c93e04e5c21a9f7745ca5bb826aff6bf9226850,2022-08-23 23:54:48+00:00,0.589057968209838,18.871986963906007,0.05879644204059718,False,False
64261b4d85f8f0b5d697672db06648662606e28c,2022-10-29 16:01:59+00:00,0.46175969193032185,26.962143214182838,1.9354509690334856,False,False
aa676515e326c493b34af526b078a207d27ab166,2022-11-27 15:22:33+00:00,1.9579864499264443,19.075766757471683,0.1060667617073671,False,False
e4480a61f58bd2f2706d5357de692ee6014f0d78,2022-12-10 23:08:15+00:00,0.3244553155862877,29.434018423096994,2.50884605034746,False,True
a3dc2709f85088b59d4359b38bcdaeb19f28c111,2023-04-19 18:13:12+00:00,1.8293627050554189,16.371862374633107,-0.5211515816263965,False,False
b2c33aa0b197f1009ca840d6da611fae2349b39b,2023-05-08 21:39:46+00:00,0.4512573427220681,16.361731955437538,-0.5235015111525475,False,False
bc599d327e0ec29884fef5dfa91cb837d59cb201,2023-05-08 22:43:10+00:00,0.48025435882642226,19.920049175415674,0.3019129694540809,False,False
ca6c1b0540d27cf6f3611f8bf16071780d3d3d77,2023-05-25 20:54:34+00:00,1.2656965872389025,17.72414440977385,-0.20746589688684738,False,False
acf586c21394a84755bed3b4b3cd697e8985f14b,2023-07-03 22:38:13+00:00,1.905694945034709,6.20072801666033,-2.880525708286728,True,False
ee3add73896906dbca09ad8c349fe675fa794da6,2023-07-04 20:38:54+00:00,0.2820228066263012,15.247031752679733,-0.7820758967429052,False,False
552b558ccf46489aba33dcb3d27f3d6faf8a0a40,2023-08-08 20:21:58+00:00,0.4978651274599291,18.71328058402158,0.02198169618663742,False,False
bb6207bd315890ca37bed37cfb874d362ab9444a,2023-08-09 18:38:41+00:00,1.6809515495207366,17.430646845971623,-0.27554783680636197,False,False
3a4937246a098144794b4186e10044dee8eedac5,2023-08-31 00:10:44+00:00,1.1272014099277772,17.728316187084797,-0.20649817951106392,False,False
1ce00569ac756e028d273248ae0422138db93916,2023-09-21 13:49:03+00:00,1.9734626340602546,20.96996187158117,0.5454587494430478,False,False
0229040ed1f5169343eb53956cfa8ffdfaff11dd,2023-10-06 23:52:17+00:00,0.4527421314189231,17.55970829296834,-0.24560975634489282,False,False
4d29b204b6a85f4a76489c0851423c853aeb7cd4,2023-11-13 21:15:47+00:00,0.015083042630556173,4.419985675238049,-3.29360032304756,True,False
50f495f0b4c2a07d9099fea610a4d34277a08dda,2024-03-16 18:21:43+00:00,0.018061495576360737,12.918858922547544,-1.3221366750671697,False,False
d6c9e0f824b58332df1dfb254f730e5cc4f27bc2,2024-04-07 22:35:34+00:00,1.8378849477931025,17.320677495628924,-0.3010571684888038,False,False
bac79e06eb37e3816c10fd67c1bd85bf833b7a84,2024-05-09 14:01:01+00:00,0.46055133611630017,17.515282409812848,-0.2559151240238622,False,False
6ee00fb507ac152bcadd9d812ca95d68de88e044,2024-05-18 02:13:04+00:00,0.4124668912703675,21.739172629392748,0.7238907606677177,False,False
78e87cb76740d52954d47c5c18dec1c5336e923c,2024-05-29 14:00:42+00:00,1.000052749576834,24.28211281816269,1.3137706182988935,False,False
a6954f68320d3b4f64246e01a9847c283573491d,2024-05-30 16:49:24+00:00,0.9738107628730547,21.47924366038147,0.6635956487686223,False,False
38397cbe2568b75e4ffa5a7c422633eb197a44a5,2024-05-31 14:46:21+00:00,0.13902230247002678,21.699210205605326,0.7146207711656352,False,False
a89d401e6645339ef351b4cfb102fff180694024,2024-06-02 17:01:14+00:00,1.2147114839355164,20.402700772852494,0.4138725258914692,False,False
8a8ce75a00e2aa6264a2f6f90ef05e4e1502d232,2024-06-03 12:20:57+00:00,0.6760973678547676,19.647120341683497,0.23860230949583192,False,False
8fdf32c83cde5253be015ce657684d05a1b71641,2024-06-04 12:43:36+00:00,0.7663144866197862,21.662178582023827,0.7060306324975795,False,False
cad79508fe02610f38593810b87b48512a65d6b3,2024-06-06 08:25:31+00:00,0.46841365730391155,21.846841159781082,0.748866376554126,False,False
b669c90d44d9be9d8a60451eca520b3e0091b132,2024-06-06 19:14:07+00:00,0.0028151432481959885,29.601882785531792,2.5477851518849937,False,True
2e1a77b2e9dfb96f5da2224ffeabd7f065d2c164,2024-06-06 21:34:14+00:00,0.3141370285974169,21.752769318636314,0.727044752708376,False,False
f0c0a85f21a62366ce8bbf1b1a7728988fea00ce,2024-06-09 00:55:43+00:00,0.32147914721515314,20.530154012829705,0.4434375543512049,False,False
c628e776900c8b1828e07b03ccfdfaaa49285a93,2024-06-09 02:41:47+00:00,0.15506635253582915,23.323407023604727,1.0913818888661395,False,False
65dfc532d69e49902694a326523a21c1dea04550,2024-06-30 18:03:15+00:00,0.8439200096151894,20.598369918231263,0.4592614375648787,False,False
ecab5f32830214c76776d639743f143936803757,2024-07-22 01:05:59+00:00,0.028734094042896518,16.240909696535528,-0.5515283665204156,False,False
669d69e19c7f62bf201cd7dd2b836fc561127049,2024-08-08 00:33:03+00:00,0.3253898093683007,17.261390692427725,-0.314809788855643,False,False
176559ae883b439e7146a47dc0982343b2969e1d,2024-08-24 23:35:01+00:00,0.8457735425875226,18.424993548381956,-0.044891569763936344,False,False
b86b484a316b1f78f8c5b9e2930b2317764ba706,2024-08-25 01:06:04+00:00,1.9495442253330013,9.429577839816298,-2.1315370052071683,False,False
93c32faba2395e742d8da517b3815949682f2509,2024-08-25 23:38:50+00:00,1.0617187241435535,10.658844510129502,-1.846386905461467,False,False
cae3474465828f5992e79e201c78c2492b75c083,2024-08-25 23:53:18+00:00,1.0617187241435535,10.658844510129502,-1.846386905461467,False,False
d0ec97d6889034d43f014133e02fef6cf655fe33,2024-08-26 00:19:38+00:00,0.701818166901148,16.932253152866213,-0.39115905016938773,False,False
d976ef161ff8a816ae3c8d9f0653d98744a11e56,2024-08-27 23:52:41+00:00,1.0319959491041875,10.3036836255193,-1.9287727409503337,False,False
6f41b2c5767d0f9773e0cbafe4a9ff9a935bc09a,2024-08-28 00:08:01+00:00,1.0319959491041875,10.3036836255193,-1.9287727409503337,False,False
9ffca15b62cdfae8a3852b165be0031979de4975,2024-09-16 13:54:07+00:00,0.3773723613236651,20.757621929534736,0.4962027522564407,False,False
94915ae9538a291d2fd2e836128342f8a1c88ce0,2024-09-17 14:29:08+00:00,0.5275318431620518,20.219998691706294,0.3714915536250429,False,False
ef244fd54d6dd828b070789960733789142c0f84,2024-10-13 00:07:54+00:00,0.5853395740961569,18.39392705293234,-0.05209799168209502,False,False
5b0ef92d810b5b756ccb0ef74c976be198f31470,2024-10-13 03:22:07+00:00,0.44936561218071264,9.939963467275621,-2.0131440510227705,False,False
273ce86206044b201f688badb6bb6cddb3b1c0c4,2025-03-08 16:12:12+00:00,1.6284017830796766,21.166000118269455,0.5909332806795404,False,False
a22c0ad609daeacfd118a33eb049a12efb241a89,2025-03-08 17:18:37+00:00,1.633629243007721,21.434945444416943,0.6533198957478208,False,False
2c5e6099346e7c33d34d7922d6e94f00f60d07d5,2025-05-03 01:11:34+00:00,1.9104639177506952,17.072684509790715,-0.3585835184304176,False,False
27b83dd36040abe1f16225dc09ec80b1f86715ea,2025-06-15 19:19:00+00:00,1.2207073177991568,20.138647550100522,0.3526207205474632,False,False
5edfefdd9d2c05a7f16028e93d1fc2d75707976e,2025-08-09 20:12:21+00:00,1.1449771538308344,26.041341240706554,1.721854699872538,False,False
2f7bd6ea4138548a21547ab3e5258d228fbf7ba2,2025-08-16 00:21:43+00:00,0.9573488313303996,23.450235760014003,1.120802052701308,False,False
b72b700cd7e743952f574e1a6581d0b7acef2371,2020-11-15 20:26:30+00:00,2.297853201987185,15.39846899170425,-0.6791348728506497,False,False
dc10654564aad7f066f5d33976f3bc27495140cc,2020-11-19 19:05:48+00:00,2.2634610636650683,16.61913286974809,-0.23014643809575205,False,False
b1e791f1881606e83f31326e056c2a4058c3f3a7,2020-11-20 18:25:58+00:00,2.019552769175992,13.699436753615823,-1.3040782654575678,False,False
bb5004941a6252b82ac50ba058f3c2566d7eb250,2021-01-07 18:05:09+00:00,2.2527100927413857,17.364313329455214,0.043948187158507596,False,False
341021c1ed727b50f614712fe263d73e61cd7910,2021-01-08 19:13:11+00:00,2.2308683810901595,15.352804055310477,-0.6959314936759331,False,False
c3c9ee6d2fc635f6cad7b4904155e4a3ede6a7b3,2021-01-13 18:59:24+00:00,2.2139198592101765,17.18675335723535,-0.021362481434289746,False,False
9e2d6a6744515d17f433e830476f668222d9ce7c,2021-01-14 23:52:26+00:00,2.2693327982546125,16.862560576197517,-0.14060809190510815,False,False
a238bfebb325389615312fdd7011dc4fd79cc204,2021-01-15 20:36:21+00:00,2.260752968442783,14.530593172683034,-0.998359691863412,False,False
b200f2da683e76f83b7769e6ca51f01215426881,2021-01-19 22:12:58+00:00,2.234988017083754,12.341633011281129,-1.803509917315871,False,False
0d1b8697debc0120603da2984694f78175799cf3,2021-01-20 18:21:52+00:00,2.274875665983151,17.30501807233795,0.022138018806402846,False,False
d6edb0e465d0a08d8c2469c28b6b586d12cf1dfa,2021-01-22 17:53:01+00:00,2.2524469557816276,17.625320131107884,0.1399525315503595,False,False
7f00689f5a4449e086af9f8079db68ad3da41f4b,2021-01-24 23:06:28+00:00,2.2384891649608547,11.60756027833062,-2.0735188635065946,False,False
29c2527f32315178d562bd20776e7022e4772b9b,2021-02-01 19:00:54+00:00,2.220551127751009,11.738856687137513,-2.025225004615958,False,False
c86dd3464694c339e47c51ea59569192e48524ab,2021-02-21 20:35:01+00:00,2.2509357749744052,16.437648898972135,-0.29690044420460876,False,False
eb4232846b8de2977d967a45df969e4d2a2021ab,2021-02-24 17:57:17+00:00,2.279820868624426,17.808460949578592,0.207315964600142,False,False
35e05ea837a8830a58fedf1ab13c621e18c37d33,2021-03-05 19:01:54+00:00,2.2685100638680864,17.19194353832709,-0.01945341266737425,False,False
2d013a85e03881c590794a828002537866fe2575,2021-03-06 20:06:23+00:00,2.3062560339915,16.390241757388978,-0.31433788843351157,False,False
f360013a99358bf2055019e8e37f844b65286aad,2021-03-08 21:40:47+00:00,2.367778213217341,21.475882370806765,1.5562784702676384,False,False
d6b96249b9a0877b352bdbfa906dac41cb04ff26,2021-03-10 19:36:45+00:00,2.2692206720642543,16.92215125465111,-0.11868926074600361,False,False
394e7920ff85ddbf3b40d04a05e77677d4f4e030,2021-03-18 18:34:13+00:00,2.2971622359825745,18.40681418397489,0.42740413708924097,False,False
2ccbd3e2c477a3337d54fd20a6cdc1c6c2ad0258,2021-03-23 20:33:55+00:00,2.3397491748486696,18.18575521471947,0.3460935303122314,False,False
a6edf7b3ea521eec3e086a90a98bc5809c257b0b,2021-03-27 19:20:17+00:00,2.6695250453822488,17.462575454239495,0.08009127158670118,False,False
72558a45b7f422b5627dba3ddcc24e326c762098,2021-03-30 19:42:18+00:00,2.194256355920684,16.79388622523986,-0.1658681081134191,False,False
4e5f71c05f4673da47218dad35f32a6437720ef2,2021-04-06 16:29:30+00:00,2.2679390916979614,18.541108387268117,0.47680065419590695,False,False
f47c9ee5b4ee3b4da9ce7220922ad1c9bc6c22b5,2021-04-07 21:59:21+00:00,2.289402220990669,17.828570157698167,0.21471259690832278,False,False
bf0e21a040ade91bc8c67b7c4182d313bf63c896,2021-04-08 22:38:21+00:00,2.2464646262249044,16.648422824360598,-0.21937291467783382,False,False
0068ab369cdf0145f428980ae349db6231f84e3c,2021-04-10 17:14:41+00:00,2.3051474352932178,19.029921915293723,0.6565975866544539,False,False
75c20c8eecb414eaa24441114c2fec5ffb5d117c,2021-04-11 20:33:35+00:00,2.3153532377742434,17.391198065229432,0.05383701540286348,False,False
2ead7aa5a4781e3de5123df331689ec982d508a3,2021-04-26 16:29:00+00:00,2.2551139208304405,16.407194164958117,-0.30810240045299353,False,False
fa00d0dbffccfaebd0bd750db3d4c64eda3db91c,2022-02-07 18:29:01+00:00,2.6980409903785874,19.891024727222664,0.9733311368522349,False,False
6a322e37dca86884f0566aaf54befc3faf9e5c9d,2022-02-08 18:16:07+00:00,2.643694095612012,19.234497089362712,0.7318450719344658,False,False
eca8e1205c5a5df238dd4ba623412fda55845481,2022-02-26 18:00:32+00:00,2.9769533892027398,16.86851788203027,-0.13841685689822703,False,False
a56660c0d00009c8421dbf1be091fe7512aecb83,2022-02-28 22:06:54+00:00,2.6284559074360483,19.764504694290235,0.9267941395893164,False,False
56b67aeb599929bd49b8e2ca86ee866e3d97d5cb,2022-03-02 17:13:38+00:00,2.4672615058680734,19.042752459858313,0.6613169579938762,False,False
bf64c63c97006a1fe455e0c81261440244acac01,2022-03-14 16:03:33+00:00,2.745770443648995,17.390426352880077,0.05355316173433915,False,False
cee902dc639f7db1cec5c1989b24471074b23849,2022-03-28 21:03:23+00:00,2.5640638723430236,18.440824101789232,0.4399137722478356,False,False
ab0b63a545bb46c99fe8fd5c87e3903541773f5a,2022-03-29 18:17:22+00:00,2.7224533568035945,17.318980717545376,0.027273802972283122,False,False
0cd1da76d261dad820427ca451e48fd90b4d33e8,2022-03-30 18:31:45+00:00,2.675872929625222,17.115952453654078,-0.04740469293081622,False,False
c4128cecc53da139517400216c1fa88e264633ac,2022-03-31 15:58:54+00:00,2.4992936690446985,16.58472693184677,-0.24280173861086451,False,False
93930ee072e2dc8885ae3788373360b96e7c5bfd,2022-04-01 19:21:18+00:00,2.6848413721261135,20.653040584130405,1.253618210964484,False,False
619ee97c23430bf05cb2dabc37aac4b26a5aae04,2022-04-05 17:36:50+00:00,2.6705550985693556,17.91142682218958,0.24518919637862757,False,False
e066ed9940ce6d217c87c3c4e6f2b181e394ba58,2022-04-11 14:47:22+00:00,2.696296562979295,17.814602955497417,0.2095751365747956,False,False
72df06cb214fe840d0779d11649f3da3ee06ece9,2022-04-13 15:00:24+00:00,2.765374333018458,19.21384196032373,0.7242476372731448,False,False
67a70bc6286eb50df73983ea2fbf74515ec7f3eb,2022-05-22 21:17:45+00:00,2.1833706949633025,17.984469771529643,0.27205608421234667,False,False
a1631c2129880f694f38bacbbf0ada60a658d42c,2022-05-26 01:11:41+00:00,2.659552959452253,18.938066893367655,0.6228111829926579,False,False
dfcdbc24638512946536a05e7fac5abcd752dcd7,2022-06-26 21:32:59+00:00,2.1603126277437728,18.353870657658717,0.4079302823789684,False,False
0ccf4d71b1990db2fbbcfd56a51028ccbce547be,2022-08-19 19:12:33+00:00,2.720023068101592,17.91043183523511,0.24482321714116118,False,False
a5c629270942b8628228b7799fb055ee6c97b062,2022-10-16 20:50:26+00:00,2.218732503051138,19.372970878152092,0.7827789373510118,False,False
a97a2175029edb40b34121de15937e1ed0ef958f,2023-04-03 20:07:03+00:00,2.204129617287213,16.892575456733898,-0.12956792394914196,False,False
2d727477b0a9020d49b5433a017a31d45ff48d8e,2023-04-17 19:52:31+00:00,2.171297981598911,16.549282019249695,-0.2558391980730781,False,False
e6c5a43e78d7d6c7814bef7233d9b1a6aaf7b1a5,2023-04-18 20:08:50+00:00,2.2580874135178717,17.02034590377526,-0.0825709954277794,False,False
5d10c0b7520fd60dd47cf8a45fafc3b1a5708133,2023-05-07 23:34:10+00:00,2.1857790012702925,17.499525362719286,0.0936823033777494,False,False
6a1e40b033048fb24cbe006de7a9f1d8033e3100,2023-05-09 23:25:31+00:00,2.1261750215210142,17.010244308446634,-0.08628659605847581,False,False
ecd6171f836acbdee662b5210bb42fb1370cba03,2023-05-12 22:07:51+00:00,2.966244193051875,17.850901058913465,0.22292641937302168,False,False
d20e59900dbe4365feb871ec99d76bdb18a1f353,2023-05-24 23:53:09+00:00,2.0535618797264803,17.254615871269497,0.003598922358171388,False,False
cfa137e9865cd5360a6eb32f247d5de761451a58,2023-06-22 18:59:28+00:00,2.493099037963233,4.338653774553043,-4.747190962939015,True,False
87ad1fda79fbf90170ca8c4b270690ccccaa6efa,2023-06-23 20:51:34+00:00,2.290934488558599,19.882765500977577,0.9702932022243904,False,False
4664ca1c2c122b509abd94f6b89a6a9ff70859a0,2023-08-10 17:56:26+00:00,2.17827552036713,18.36319558551353,0.41136020673164464,False,False
2be6d110f390cb887707f3c0660b5883067f5be8,2023-08-23 22:01:33+00:00,2.2572754755928903,17.011700990002684,-0.08575079485754628,False,False
cf13c0f8434a56d585ead6d474f7fa87935173e6,2023-08-29 20:24:18+00:00,2.0636652625649328,18.034300350677015,0.2903849248840005,False,False
a0b3311073dcadf4bda76fbd50767da40c0d9285,2023-09-05 22:24:52+00:00,2.2386576956798927,11.405672624928725,-2.147777816464651,False,False
12d69c1439c082d5450c66aed5272a07bab3ca60,2023-09-19 13:47:33+00:00,2.206728081463743,21.910320795580848,1.716074980875691,False,False
407e04e463d346683139ef6500f3e784efec7231,2023-09-20 13:50:01+00:00,2.1803425191511163,20.486128804502066,1.1922241941303173,False,False
b8a01ca54ff404eed4dff7f9872f0728745d37d9,2024-03-28 21:21:22+00:00,2.8441660568140077,17.08179238352593,-0.05996955758670649,False,False
7f1ccedfb3362c6a53c80c4bef0498c83226b955,2024-05-03 21:25:08+00:00,2.866158725627812,16.491335153528624,-0.27715339685214735,False,False
0d0c71ba6add3fcaae5177a5b60a7310c9d7b00d,2024-06-05 11:09:30+00:00,2.0858218950093375,21.949835332028137,1.7306093422086117,False,False
2648c93386c03073f96249b7bf86502767f68188,2024-06-06 09:54:29+00:00,2.166433102748022,6.593034798217964,-3.9179774297438392,True,False
cacab87f43bf86b2d74a632268d2ec6b7b573b57,2024-06-14 18:34:24+00:00,2.912594528770783,15.347179519804403,-0.6980003280524714,False,False
363b5bf6c22894fc75ecacabae16d82704f0fbe7,2024-06-21 20:33:45+00:00,2.8458500746024855,16.849137488730385,-0.14554541424244458,False,False
dcb8efd839cbab5ecf6539ec829906d4fb367151,2024-06-26 00:17:12+00:00,2.2021707980057195,18.436399641526346,0.4382863533294911,False,False
d962bb7312bb387f425c9f0d47aed8a84598b4e2,2024-06-30 18:45:50+00:00,2.260286462019738,18.825094284561626,0.5812572419689567,False,False
2c26f9e006cc26e1c029fc4e8788a7f0ffe1e417,2024-07-27 21:09:10+00:00,2.8918854518325046,17.053507154491395,-0.0703735196759681,False,False
f773731c752cdad6b8db4b75cb41df9904545062,2024-07-28 15:42:57+00:00,2.878676702225935,18.573395031209806,0.4886764293274676,False,False
2d35f65e51b4879e385280a641ddcefbca25f9bb,2024-08-06 01:15:57+00:00,2.691562169692589,17.257678820905586,0.0047255461467317905,False,False
44008a48a7a239ba0062246dfb2830fbc56c6514,2024-10-08 23:50:09+00:00,2.5313416655071364,18.34341423588915,0.40408416836846855,False,False
4587c0679cdec84761230941f8260fb0de0b8781,2024-11-02 16:23:32+00:00,2.5504830188750147,18.682782077357828,0.5289115173937816,False,False
b83f730dcb693b2503afdd71a9daa27526591b3b,2025-04-01 23:01:22+00:00,2.4865768985240178,18.593210720049726,0.49596509844912906,False,False
693465165afa9ea71a0cd5cddbb1ca12eb05979e,2025-04-11 21:32:18+00:00,2.971754137194947,21.03701018492923,1.3948511196767508,False,False
4a04d9932982774bc628d8256ef2248976929bb8,2025-04-23 23:02:02+00:00,2.695854650629557,19.659862492454174,0.8883043151120235,False,False
6ef4973cd4c301ee0749d6277a9278a200372c53,2025-04-26 22:45:46+00:00,2.3115266832913908,16.179823156576017,-0.3917347213550589,False,False
364fe7b4dc77349afce4fce84757e14f130fba49,2025-05-20 19:27:16+00:00,2.5044328910519,17.6154755337495,0.13633146072305152,False,False
b71e0a4acf45ecae11eb7b4aba32b54f89215b7b,2025-07-26 21:55:00+00:00,2.1441927067412405,17.63682925548398,0.1441858539513667,False,False
7615595dc8ff12b37500ad4855a4c1efe15cef57,2021-02-02 20:18:33+00:00,3.2104625467609065,16.871961752700134,-0.18603428858646667,False,False
14834daeb828c4ccdcdfb792be697e8a65ee5f38,2022-02-13 18:44:54+00:00,3.799991862175396,15.903582358000003,-0.6245519369083543,False,False
32f67ff4af039ec4325ca73de246b15fa11c0ef8,2022-02-14 18:38:21+00:00,3.574337121857544,8.052795215659268,-4.179675821180018,True,False
fe0c922862a62c4393a3236e47fc324055452185,2022-02-15 18:45:56+00:00,3.1495866509637844,17.309192668398495,0.011959879789083258,False,False
07fc48716adb7087468d110fd5f70f778bc186a1,2022-02-18 17:50:53+00:00,3.287762547425052,17.752745490151245,0.21281683871042012,False,False
bb81d0651584c303bc714829424835fbedf44e68,2022-02-21 20:43:47+00:00,3.8532792460281042,15.809084726284036,-0.6673439246962665,False,False
a46729e6fdb6c3b873693ce8b1c5e6e944d5fbd0,2022-02-27 20:35:42+00:00,3.8232446997236362,16.887966169468395,-0.17878690265240865,False,False
46b08cff51d12f6d01365695b7fa3c9845898e59,2022-03-01 23:28:16+00:00,3.7163054406165505,15.98365596889891,-0.5882916738996562,False,False
c5c57efbb614b63bdbd038acb1079c5d20efb502,2022-03-03 22:05:46+00:00,3.778199917942968,13.317662596234715,-1.7955510916658308,False,False
31e83c26c8ee8c5de2ba80466edd01b10e79ebe0,2022-03-07 17:23:33+00:00,3.7332133079623095,16.371102728375195,-0.4128415943695268,False,False
551cc29580d9d866abd851ebc6e8a7e37d5c4d58,2022-03-11 20:39:05+00:00,3.8621092877524337,16.39867907120181,-0.4003540165959526,False,False
3a78e81275e61fe05e27ee628f3648d534b71b06,2022-03-12 18:12:25+00:00,3.806965525884816,17.481157882025972,0.08983202523724573,False,False
ade57bbb94aab5f55c823b1d72669dbfc26e2543,2022-03-13 19:43:30+00:00,3.907669600765818,17.627770917156113,0.15622377596064121,False,False
b501beca57dd3b5c36284e429a5df4d562e86760,2022-03-26 17:46:37+00:00,3.876965597863397,18.02531006884317,0.33624406022915193,False,False
62fe62cbf9c5bbbc01e81fc6069e44478fff12e3,2022-04-04 17:36:40+00:00,3.066311246440006,15.436610042395094,-0.8360141001794988,False,False
0c0b5340ae87e36fc2512d577cf3c73adefd0af1,2022-04-06 16:29:09+00:00,3.981282025170753,15.882695598912978,-0.634010226217313,False,False
bf60e1ea8575a8906c13a8e653fcc29ac1f25cc0,2022-04-07 16:21:56+00:00,3.864309217692098,15.341288013418296,-0.8791794052334339,False,False
ed8809e80bb2c1f4af14d03c6e1c40ca55ba8036,2022-04-08 16:06:57+00:00,3.960129131679203,17.007063446251042,-0.12485529483206716,False,False
dc9705425df0b31406d6de535519b3359870e2f9,2022-04-10 18:42:46+00:00,3.256770315610282,17.138698768822113,-0.06524600078277122,False,False
6d1495733b8668ed4e557de595a876e059290523,2022-04-12 14:54:54+00:00,3.9600012276836805,15.900707992097702,-0.6258535550373562,False,False
0574492119d0baad51eee4357225e07a5d64230b,2022-04-14 16:06:19+00:00,3.778478999597041,13.784240375966439,-1.5842675886844806,False,False
b60752dc66c30974d025d0070fbe49261cea5123,2022-04-15 16:35:53+00:00,3.188051671962654,23.95408366399272,3.021009833444476,False,True
e146f99a7e9d88acb440a56116efff64970d46cb,2022-04-17 17:48:01+00:00,3.7211579527189484,19.693739532031586,1.0917700127561498,False,False
187ec6ded59decf0439dddffe80a1d6e73636c63,2022-04-18 18:57:32+00:00,3.7707262265360586,11.50090774263464,-2.6182442120876885,True,False
66e45bf03063e5c4f3d9db21e20ed500d82d9728,2022-04-19 18:36:08+00:00,3.960130100110451,16.842922857606577,-0.1991841635796615,False,False
87fbc72c18d1eeb6fe565aedb726d3ec1f99f9fb,2022-04-20 22:12:36+00:00,3.971930041157925,17.157948070590994,-0.05652921210498066,False,False
e6ef2635c5e2fffcca1a1a2078e4b50d6616d39a,2022-04-24 00:51:18+00:00,3.7028223706422736,17.61723597313086,0.15145316755608404,False,False
73837b0a73f50ec1b6f60bfc6e62f65273c161a0,2022-04-24 19:35:01+00:00,3.904180518113387,16.315884480811626,-0.4378464387503085,False,False
436177c70684443b61b13402b8decbdbe3dc03c7,2022-04-25 22:35:47+00:00,3.9794502344293754,17.075265397521274,-0.09397095399864039,False,False
3bbb5f6d71cbc72ef0e73e8d5194874946eb3cd2,2022-04-26 20:41:53+00:00,3.9756436828952184,17.09580662110676,-0.0846691358169858,False,False
c37809d739725358f39f3468cf6500424f885714,2022-05-03 21:33:02+00:00,3.9377527834311907,17.179892152730588,-0.04659212820263574,False,False
53c3e1d3983c5df469aea53a761a106137584968,2022-05-04 23:28:08+00:00,3.5979850184874524,16.870595779972994,-0.18665285105408563,False,False
d7b0bfcfe7cdbc1cd0629357878c0e4c79db032b,2022-05-14 22:59:37+00:00,3.3859289384535023,17.76966300948203,0.22047771091916174,False,False
fcba52b28fabdf121f1b51c7cd93841e42d1e5bd,2022-05-16 13:24:27+00:00,3.185477805960673,16.355514829388685,-0.41990036580069734,False,False
315cf95a07217a09120e95d9895abe02fb2d4d28,2022-05-19 17:01:25+00:00,3.1420510216432147,18.23654104402948,0.4318971802752713,False,False
87462be4fe83dd7fed509894ee4ee34af1988a85,2022-05-23 18:59:09+00:00,3.182440701604129,17.214293881170637,-0.031013765903415407,False,False
a4de7a95c08db825e1e014a62b88bb01df4e5fc0,2022-05-24 12:23:11+00:00,3.1336000303656433,17.52514763511045,0.10975219617276973,False,False
8c2d2c2c408eacbbd1155fa84a65adae00c634a4,2022-05-26 21:02:34+00:00,3.0655675144505934,17.201860390605926,-0.03664410569865394,False,False
b6d88db0b3afd6013076b81788634a7d6fc1ed16,2022-10-21 19:11:38+00:00,3.140286163638408,15.683323061668622,-0.7242934113520361,False,False
3176f5eaf81ed9527cd2e7afcf16a23913acba27,2022-10-22 19:04:31+00:00,3.3166042248935144,23.377382643303108,2.7598584946595857,False,True
e1de489363fddbd85f8fc70c2638a4fa60d6979b,2023-06-02 19:46:36+00:00,3.35953090633339,17.775343271682022,0.2230499416330993,False,False
2e5c7ccf1f2557af43a2a51f5b81cc2ad1359601,2023-06-04 20:13:10+00:00,3.3740078093719044,19.067381247474657,0.8081320466303935,False,False
5260c1d638625707de16445ab53e3450acfe8b2e,2023-06-14 00:39:35+00:00,3.506196795029384,18.210660277003033,0.4201774213096043,False,False
b55a6ae61d2fb88bf9327fb1605c01031c89f2f3,2023-06-15 00:01:50+00:00,3.572823240507996,17.763773951343914,0.2178109297591213,False,False
6273f01a4329d0b3be8d4d8778608700e91b6350,2023-07-08 22:40:48+00:00,3.4239746848392345,18.151464363464026,0.39337134412801633,False,False
b257ca44d0bd16312c09aca2db3139033f9198a5,2023-07-10 23:28:54+00:00,3.5618876111045337,19.016181609086793,0.7849469756306852,False,False
884adf462d6e8af4a3af58dce0b568673e9c4a84,2023-08-11 18:57:05+00:00,3.457047262350122,18.363501075604947,0.48938933137023233,False,False
9e72349859dc79c2feac6b6349730a9d7b2e8ab1,2023-08-17 22:43:31+00:00,3.333548328890165,17.433918870006092,0.06844047088016274,False,False
8a35ce6e64eafea3508d7effeef70cd869271939,2023-08-18 21:54:08+00:00,3.3777626995379237,16.954065189446933,-0.14885484610927516,False,False
5e09f312fe1c500ebccb6ddfc4d0b62d2b7c415b,2023-09-16 15:38:50+00:00,3.9086165605314434,22.66792325171215,2.438589304419656,False,False
251c80357014ff000be793877ce606d2a0752be2,2024-02-06 23:02:35+00:00,3.317819459004305,16.9037144488813,-0.17165550509164057,False,False
47229238517dad552afdb5cb44c98b8bcaad1df0,2024-02-13 22:21:03+00:00,3.849068324826052,17.16436947836052,-0.05362136353920187,False,False
8524d7066a408020baa060bbc9574857c4eb4562,2024-03-13 00:05:43+00:00,3.2268992675700043,17.59691572602286,0.14225141561476046,False,False
7ff5777172b1e5f3fb1c99876e5bcd4f52f82828,2024-03-20 00:09:24+00:00,3.4486177577655264,19.423289133441898,0.9693001694010133,False,False
49bbdf458e09e623a00b978cdee1ba57b58849ef,2024-03-21 23:10:11+00:00,3.278135088743921,20.214795784165844,1.3277233628375884,False,False
f80a9a0f71e8195c11604038570f54c91bc77e0e,2024-03-22 19:50:47+00:00,3.2906334965840096,17.79297074143187,0.231032305387299,False,False
f05870e0b8e4f9d05d3f2d71ca857435bfafe7d7,2024-04-02 21:43:53+00:00,3.799265993969833,17.621868674075913,0.15355102417604233,False,False
96a39899d36dbb29ada10a650a41d476bb350084,2024-04-03 19:20:23+00:00,3.800763935863837,17.443904937753278,0.0729625280082316,False,False
98b4b2d26e897cd7fc14b958fc18037cf8f16484,2024-04-04 22:38:02+00:00,3.7314445785389707,15.735678601288612,-0.7005849059496768,False,False
1afdb1580b089669bf560b60e7389c8dc3235493,2024-04-08 21:50:57+00:00,3.184991149156115,17.870319089460224,0.26605846957936186,False,False
ce18540be7335c8c691b6c032b7d1fb534e29d24,2024-04-09 22:10:15+00:00,3.9767291385470753,18.24787268689174,0.4370285630853324,False,False
7b5bb3b7b70032054ba14f5ab70f6eba5b81b627,2024-04-11 22:45:27+00:00,3.1507365793107693,17.84243302402014,0.2534306380655331,False,False
b3defbb15987c3cf3c8a7c7d13211544832b2c40,2024-05-12 20:12:44+00:00,3.4839778826758083,21.68982038109115,1.9956685101637777,False,False
1ffbf07f0a48bcfea8df8cb658120fb7db822e0f,2024-05-19 19:59:13+00:00,3.6318978039105043,17.02511754404178,-0.11667973827944184,False,False
f5cd26d80f08efd878daf5b188a154770bf2485f,2024-05-22 22:55:29+00:00,3.7317661371576665,17.266219562964455,-0.0074999158645192065,False,False
bef5b6fd000f708646ba87b9a432145dffe236b8,2024-05-24 00:36:41+00:00,3.3113374335454835,16.604611006084987,-0.30710049602996475,False,False
03688f9a30331fa36aff1b32b5a92a9d780db618,2024-06-12 20:56:10+00:00,3.386895811271656,16.18004782506977,-0.49935825029631264,False,False
76603526253077e9b50d8d285588d82b2610425e,2024-06-20 00:15:30+00:00,3.221361222820441,18.579148570066838,0.5870424130606154,False,False
e15f6b88ec783cfdaf08da6cfc6d8206101dc5ee,2024-06-25 01:38:39+00:00,3.9272109021714754,18.112984483531925,0.3759462455066657,False,False
adbdea84e31068757d84d411f89524057f7ddbdb,2024-07-09 23:40:36+00:00,3.721403100729601,19.84471489772975,1.160137186492842,False,False
19842674ebb3be985175aec7a707936e34ec5ff3,2024-07-11 01:11:35+00:00,3.4508083866026675,18.02480683628254,0.33601617809922063,False,False
610e9067cfd2c8219695aff9571bcb05151842e9,2024-07-16 23:51:08+00:00,3.6078913003133657,18.029967165456483,0.3383529641009768,False,False
59343b2ffdb7e5903c0c2f7f163cf81df8830edf,2024-07-20 19:37:57+00:00,3.361764049299049,18.031252770842713,0.3389351332938827,False,False
764458da266707b1566133c8b9e69fc2ad1a0415,2024-07-24 00:26:17+00:00,3.8701120674123217,17.84190494238555,0.2531915033650336,False,False
4e6b373d4e07237eff5f8c40c73d934fa5061ddc,2024-07-26 01:10:17+00:00,3.1372335149880803,17.621726427262104,0.1534866096102078,False,False
481bd55408f38ecfaa2dac81a01120bfdfb03d6d,2024-08-14 19:31:35+00:00,3.4129818734641133,14.591382440277346,-1.218764107465845,False,False
255f92a521b7af2c44f008a7fd63694a6860265e,2024-08-16 22:04:46+00:00,3.356326588424672,17.9909439158313,0.32068180778644884,False,False
f34820451b7550fff0287ab3a377695e49736a5f,2024-08-24 20:03:14+00:00,3.6802486473803873,14.989966458430773,-1.0382706694022918,False,False
8a997ad36a0531f4be7639e7ddbc8c47019ab0d4,2024-09-06 23:50:30+00:00,3.069355403228753,15.953443619257525,-0.6019729320795881,False,False
1d7d7e94d41dca4871e34e5922f2f1a3558bf04d,2024-09-15 15:58:45+00:00,3.0992298116777444,11.088804049061903,-2.8048598542206364,True,False
a83b631e95addffd8e11f0bb600382b18a27df77,2024-09-28 21:58:22+00:00,3.4466986442896523,16.527934158439173,-0.34182258026100115,False,False
b837e903214e08f64e5ac0be72832261197048c1,2025-03-09 22:48:35+00:00,3.930724518798491,17.20637025360522,-0.034601874598398155,False,False
1b62d2046f0bb8e7dae6b97bf1ce0d61f9953233,2025-04-22 23:35:33+00:00,3.8023663009594992,17.629416694325595,0.15696904412513657,False,False
93d780bb063affc2e24741b590245be54612f987,2025-04-30 22:56:27+00:00,3.896444696017387,17.40907602302243,0.057190720114586036,False,False
b826b89dcd51996a7071fa3e1a21cf41b39b988f,2025-05-23 17:28:38+00:00,3.745667958221979,16.926262094577453,-0.1614451055106641,False,False
29d9221b10b496c7db3c845e34ca702bb020030f,2025-07-14 19:49:55+00:00,3.191930847410673,22.03478443251734,2.151880863932259,False,False
65e5f1fe0a22b8cdebdb210ef855cdc6a3e5c5f0,2025-08-02 19:39:24+00:00,3.1491297206776268,16.390812553862503,-0.40391626368939043,False,False
07c7a34bd28cdc03ad7a808332bf4bd7c1033552,2025-08-07 22:10:26+00:00,3.9188159856034166,19.078939346274826,0.8133659769811024,False,False
c443c4409fef928d95c083132cebc5c431eedf87,2024-04-16 21:17:40+00:00,4.105013155638296,17.856259994150694,0.16153100215509697,False,False
db734d999d1d33cb51fce31a105f1cfc5de991f6,2024-07-07 19:06:42+00:00,4.698388550086984,18.236794463688256,0.32339700709490665,False,False
1d813a7585b6c47eadabe0e5066220813a4ae5d1,2024-07-26 23:10:12+00:00,4.392580023343149,18.41367349901264,0.3986351395047205,False,False
aeaf645990f5b93b8088f322d0f702d4b31ddff3,2024-08-15 18:20:58+00:00,4.214998963104742,13.531076896672944,-1.6782500549268016,False,False
5756aa4be9b7df32820a0c6d1c75f1ed2f5fafd7,2024-08-19 00:14:47+00:00,4.417340135010411,10.341844975163333,-3.034837358538512,True,False
cdc7e514b1ce312b2ad85759295c5fb668e30fb0,2024-08-23 23:56:21+00:00,4.261213342858823,16.176966305156217,-0.5527815826903619,False,False
c74f74fb6332009715a102a4169b7ec8b9ed4444,2025-03-02 20:09:35+00:00,4.068760816937187,16.634917756260545,-0.3579851114620719,False,False
b5651afc3d7d09d37fb28d85c339b179faf9546d,2025-03-23 15:18:56+00:00,4.8447608075579565,15.308671357220144,-0.922123772643956,False,False
1c6fd49abc5dce870630bacae8768e5a83c6ab37,2025-04-15 22:28:17+00:00,4.101839621879442,21.149099821848015,1.5621894719745981,False,False
6fc15eaa28db03d8e5b70bb8e439b9db93130661,2025-04-27 18:02:37+00:00,4.121891491146173,17.41518715481703,-0.02608590013803824,False,False
6ebec10f8199d0e5fa490ca7e022cceeb988d753,2025-05-08 20:14:18+00:00,4.060510940237719,18.98370083414864,0.6411047574530699,False,False
5071d252919d2ceab824a6c87b920e9e005d2bf8,2025-05-21 18:11:56+00:00,4.625866245613228,18.94064371623082,0.622789770981413,False,False
51a4b1f6eac83468d772312e38dbfa4a166ec694,2025-05-27 19:40:50+00:00,4.041699231202339,19.150408763586796,0.7120164584685771,False,False
be59e72e6aa9c49c6ead53655c3199cfcb596d72,2025-05-30 17:09:41+00:00,4.042943111840863,17.47081443836653,-0.002424006473703507,False,False
ce75e0baf642c6ce23437c1b58a48e460e58a1e3,2025-06-01 17:16:44+00:00,4.8444599602630305,16.782098053711596,-0.2953797795897567,False,False
c86f2cd982c0cd7cb2b674a83e958f6b15f01ed0,2025-06-02 18:45:29+00:00,4.004430502864237,17.526464180904874,0.021247440456076846,False,False
cad29774ef56f3782015e804625f894b0308fc71,2025-06-05 22:25:26+00:00,4.087252171676459,19.32028160259368,0.7842744009126422,False,False
3f22ecb8eb1a2ad215478613e5c906b7337b9e09,2025-07-19 19:59:25+00:00,4.652665106062051,17.011797522990005,-0.1976736888009944,False,False
444db25e47920caeb8108e7718b2d843d0803764,2025-08-19 22:21:43+00:00,4.527840891833187,18.86481460138844,0.5905347274565141,False,False
a2542285a152421f7bc134b9d8d6fe324beca6a2,2025-08-20 20:27:25+00:00,4.339194525425225,20.414745867546806,1.2498210788065904,False,False
cab8ce8e4046e5df0e9d26d86f80946aaaa96a42,2024-08-11 11:30:52+00:00,5.004767452761165,26.85779150116475,1.6916152878654953,False,False
34c168105a5de1bcc69c039ed93b70a8b0b0de83,2025-08-17 21:30:03+00:00,5.885062677550427,16.98371859421266,-0.4246033904738306,False,False
491d3d69c5ab3eb28aec4844de83e745740f93d4,2025-08-26 17:42:05+00:00,5.700000188286938,17.3099839723736,-0.3546779510056354,False,False
de5798151b0acab06944311a6e0167807514b7c9,2025-08-29 20:00:23+00:00,5.76217880669299,14.70801470910919,-0.9123339463860308,False,False
56ddbb4c20514923d830bc5425b40de3128943d9,2022-06-24 18:08:53+00:00,7.101284151278381,17.229320992287246,-0.6011187297470424,False,False
0f473f0051cf7ce184218a8f03f896ea6fa979ca,2024-08-30 19:43:41+00:00,6.798255400911628,24.339638359332596,1.7317063285405991,False,False
9e99430ffd62e5dc72562b792f8dcd04eef92535,2025-07-25 18:03:24+00:00,6.017351374431508,17.39695540593234,-0.5461195306121194,False,False
5c1a68a6bc697de7ada86b98751e47905a5ca5d8,2025-08-18 22:29:51+00:00,6.082165962451092,17.28007125651393,-0.5844680681814352,False,False
