week,miles,workouts
2019-02-19,0.0,1
2019-04-09,0.0,4
2019-04-16,0.0,5
2019-04-23,0.0,2
2019-06-04,0.0,1
2019-07-02,0.0,1
2019-09-03,0.0,1
2019-09-17,0.0,1
2019-12-10,0.0,1
2019-12-31,0.0,12
2020-01-07,0.0,8
2020-03-03,0.0,1
2020-03-17,0.0,1
2020-04-14,0.0,1
2020-06-30,0.0,1
2020-08-18,0.0,1
2020-09-15,0.0,1
2020-10-27,1.3634734403878235,1
2020-11-03,5.225535768406005,4
2020-11-10,3.2866606319468663,3
2020-11-17,7.750222203990079,4
2020-12-01,3.6426151279095214,2
2021-01-05,4.483578473831545,2
2021-01-12,8.633659638387229,4
2021-01-19,9.000799803809388,4
2021-01-26,2.220551127751009,1
2021-02-02,4.7128574199540925,2
2021-02-16,2.2509357749744052,1
2021-02-23,3.1565216534163296,2
2021-03-02,6.942544311076928,3
2021-03-09,2.2692206720642543,1
2021-03-16,2.2971622359825745,1
2021-03-23,5.009274220230918,2
2021-03-30,2.194256355920684,1
2021-04-06,13.102087067673567,6
2021-04-20,2.540356439866679,2
2021-10-12,0.44610256664045145,2
2021-12-14,0.0,1
2021-12-21,0.0,1
2022-02-01,2.6980409903785874,1
2022-02-08,10.018023079644951,3
2022-02-15,10.29062844441694,3
2022-02-22,9.428653996362424,3
2022-03-01,13.6949801723899,4
2022-03-08,14.632538556465159,6
2022-03-22,7.081718042257525,4
2022-03-29,13.648772574039635,5
2022-04-05,20.429342351700985,6
2022-04-12,21.183790411516842,8
2022-04-19,21.032299481972558,7
2022-04-26,4.555787138955264,3
2022-05-03,11.660379837980068,5
2022-05-10,6.571406744414175,2
2022-05-17,8.507862418210646,3
2022-05-24,8.85872050426849,3
2022-05-31,1.853051082364189,1
2022-06-21,10.597451961923149,3
2022-08-16,4.067954257306135,3
2022-08-23,0.589057968209838,1
2022-10-11,2.218732503051138,1
2022-10-18,6.456890388531923,2
2022-10-25,0.46175969193032185,1
2022-11-22,1.9579864499264443,1
2022-12-06,0.3244553155862877,1
2023-01-03,0.0,2
2023-03-28,2.204129617287213,1
2023-04-11,2.171297981598911,1
2023-04-18,4.08745011857329,2
2023-05-02,3.117290702818783,3
2023-05-09,5.092419214572889,3
2023-05-23,3.319258466965383,2
2023-05-30,6.733538715705294,2
2023-06-13,7.07902003553738,2
2023-06-20,4.7840335265218314,2
2023-06-27,1.905694945034709,2
2023-07-04,7.2678851025700695,4
2023-07-11,0.0,2
2023-08-08,7.814139459697918,5
2023-08-15,6.711311028428089,3
2023-08-22,2.2572754755928903,1
2023-08-29,3.19086667249271,2
2023-09-05,2.2386576956798927,1
2023-09-12,3.9086165605314434,1
2023-09-19,6.360533234675113,3
2023-10-03,0.4527421314189231,1
2023-10-17,0.0,1
2023-11-07,0.015083042630556173,1
2023-11-14,0.0,1
2023-12-26,0.0,1
2024-01-09,0.0,1
2024-01-16,0.0,4
2024-01-23,0.0,7
2024-01-30,0.0,5
2024-02-06,3.317819459004305,2
2024-02-13,3.849068324826052,2
2024-03-12,3.244960763146365,3
2024-03-19,10.017386343093456,3
2024-03-26,2.8441660568140077,1
2024-04-02,16.35435060532186,5
2024-04-09,7.127465717857845,2
2024-04-16,4.105013155638296,1
2024-04-30,2.866158725627812,1
2024-05-07,3.9445292187921086,3
2024-05-14,4.044364695180872,2
2024-05-21,7.04310357070315,2
2024-05-28,4.003694666710199,6
2024-06-04,6.280480813277653,8
2024-06-11,6.299490340042439,2
2024-06-18,6.067211297422927,3
2024-06-25,9.233588171812123,4
2024-07-02,4.698388550086984,1
2024-07-09,7.172211487332269,2
2024-07-16,6.998389443655311,3
2024-07-23,17.17048775980199,5
2024-08-06,8.021719431822055,4
2024-08-13,15.401647560003939,4
2024-08-20,13.562035373347989,7
2024-08-27,8.862247299120003,3
2024-09-03,3.069355403228753,1
2024-09-10,3.4766021730014094,2
2024-09-17,0.5275318431620518,1
2024-09-24,3.4466986442896523,1
2024-10-08,3.566046851784006,3
2024-10-29,2.5504830188750147,1
2024-12-31,0.0,1
2025-01-07,0.0,1
2025-02-25,4.068760816937187,1
2025-03-04,7.192755544885888,3
2025-03-18,4.8447608075579565,1
2025-04-01,2.4865768985240178,1
2025-04-08,2.971754137194947,1
2025-04-15,4.101839621879442,1
2025-04-22,12.93163912602662,4
2025-04-29,5.8069086137680825,2
2025-05-06,4.060510940237719,1
2025-05-20,10.875967094887107,3
2025-05-27,16.93353280617047,4
2025-06-03,4.087252171676459,1
2025-06-10,1.2207073177991568,1
2025-07-08,3.191930847410673,1
2025-07-15,4.652665106062051,1
2025-07-22,8.161544081172748,2
2025-07-29,3.1491297206776268,1
2025-08-05,5.063793139434251,2
2025-08-12,12.924577471331919,3
2025-08-19,8.867035417258412,2
2025-08-26,11.46217899497993,2
