date,weight_plot_kg,bodyfat_plot_pct,bmi_plot
2017-01-01,,,
2017-01-02,147.96001672452002,,
2017-01-03,,,
2017-01-04,145.61312980214,,
2017-01-05,,,
2017-01-06,,,
2017-01-07,,,
2017-01-08,144.5780320138,,
2017-01-09,144.20018956959,,
2017-01-10,143.65905387218,,
2017-01-11,144.53494073865,,
2017-01-12,144.23194103549,,
2017-01-13,,,
2017-01-14,,,
2017-01-15,,,
2017-01-16,,,
2017-01-17,,,
2017-01-18,,,
2017-01-19,,,
2017-01-20,,,
2017-01-21,,,
2017-01-22,,,
2017-01-23,146.43004966051,,
2017-01-24,,,
2017-01-25,144.17297402739,,
2017-01-26,,,
2017-01-27,,,
2017-01-28,,,
2017-01-29,145.53919424583,,
2017-01-30,144.36393641516,,
2017-01-31,,,
2017-02-01,145.07607643606002,,
2017-02-02,,,
2017-02-03,,,
2017-02-04,,,
2017-02-05,,,
2017-02-06,,,
2017-02-07,,,
2017-02-08,,,
2017-02-09,,,
2017-02-10,,,
2017-02-11,,,
2017-02-12,149.65690578069,,
2017-02-13,,,
2017-02-14,,,
2017-02-15,,,
2017-02-16,,,
2017-02-17,149.95491596778,,
2017-02-18,,,
2017-02-19,,,
2017-02-20,150.26789470308,,
2017-02-21,148.61591129154002,,
2017-02-22,,,
2017-02-23,,,
2017-02-24,,,
2017-02-25,,,
2017-02-26,,,
2017-02-27,150.98910657138,,
2017-02-28,,,
2017-03-01,148.32379780526,,
2017-03-02,147.26602039842,,
2017-03-03,,,
2017-03-04,,,
2017-03-05,,,
2017-03-06,151.84186022698,,
2017-03-07,149.53806457975,,
2017-03-08,147.94686254579,,
2017-03-09,147.48782706735,,
2017-03-10,146.35702128894,,
2017-03-11,147.27282428397,,
2017-03-12,145.45301169553,,
2017-03-13,145.70021953718,,
2017-03-14,,,
2017-03-15,,,
2017-03-16,,,
2017-03-17,,,
2017-03-18,,,
2017-03-19,,,
2017-03-20,,,
2017-03-21,,,
2017-03-22,,,
2017-03-23,146.94079466913,,
2017-03-24,,,
2017-03-25,,,
2017-03-26,,,
2017-03-27,,,
2017-03-28,,,
2017-03-29,,,
2017-03-30,,,
2017-03-31,,,
2017-04-01,,,
2017-04-02,,,
2017-04-03,150.41803377755002,,
2017-04-04,,,
2017-04-05,,,
2017-04-06,,,
2017-04-07,,,
2017-04-08,,,
2017-04-09,,,
2017-04-10,,,
2017-04-11,,,
2017-04-12,154.54799230640003,,
2017-04-13,,,
2017-04-14,,,
2017-04-15,,,
2017-04-16,,,
2017-04-17,,,
2017-04-18,,,
2017-04-19,,,
2017-04-20,,,
2017-04-21,,,
2017-04-22,,,
2017-04-23,,,
2017-04-24,153.05204467014002,,
2017-04-25,,,
2017-04-26,,,
2017-04-27,,,
2017-04-28,,,
2017-04-29,,,
2017-04-30,,,
2017-05-01,154.03906166726,,
2017-05-02,,,
2017-05-03,,,
2017-05-04,,,
2017-05-05,,,
2017-05-06,,,
2017-05-07,,,
2017-05-08,154.02409311905,,
2017-05-09,,,
2017-05-10,,,
2017-05-11,,,
2017-05-12,,,
2017-05-13,,,
2017-05-14,,,
2017-05-15,,,
2017-05-16,,,
2017-05-17,,,
2017-05-18,,,
2017-05-19,,,
2017-05-20,,,
2017-05-21,,,
2017-05-22,,,
2017-05-23,,,
2017-05-24,155.52911260271,,
2017-05-25,,,
2017-05-26,,,
2017-05-27,,,
2017-05-28,,,
2017-05-29,,,
2017-05-30,,,
2017-05-31,,,
2017-06-01,,,
2017-06-02,,,
2017-06-03,,,
2017-06-04,,,
2017-06-05,,,
2017-06-06,,,
2017-06-07,156.67579411407002,,
2017-06-08,,,
2017-06-09,,,
2017-06-10,,,
2017-06-11,,,
2017-06-12,155.87384280391,,
2017-06-13,,,
2017-06-14,,,
2017-06-15,,,
2017-06-16,,,
2017-06-17,,,
2017-06-18,,,
2017-06-19,,,
2017-06-20,,,
2017-06-21,159.76112941481003,,
2017-06-22,,,
2017-06-23,156.01082769965,,
2017-06-24,155.40392110859003,,
2017-06-25,154.41781129621,,
2017-06-26,152.58983404511002,,
2017-06-27,,,
2017-06-28,,,
2017-06-29,,,
2017-06-30,152.93501783868,,
2017-07-01,151.59193083111,,
2017-07-02,,,
2017-07-03,149.04818482015003,,
2017-07-04,,,
2017-07-05,148.3609923796,,
2017-07-06,147.72777743108003,,
2017-07-07,147.12586035609002,,
2017-07-08,145.98688991502001,,
2017-07-09,145.41309556697001,,
2017-07-10,144.8229718936,,
2017-07-11,144.56079550374,,
2017-07-12,143.99108348702,,
2017-07-13,143.56606743633,,
2017-07-14,,,
2017-07-15,143.32112755653,,
2017-07-16,142.700159602,,
2017-07-17,143.48714236395,,
2017-07-18,,,
2017-07-19,,,
2017-07-20,,,
2017-07-21,,,
2017-07-22,141.78979971541003,,
2017-07-23,141.61017713689,,
2017-07-24,140.2008656433,,
2017-07-25,,,
2017-07-26,,,
2017-07-27,139.96091527957,,
2017-07-28,,,
2017-07-29,,,
2017-07-30,139.46922115049,,
2017-07-31,,,
2017-08-01,139.22700282491,,
2017-08-02,138.51985232008002,,
2017-08-03,,,
2017-08-04,,,
2017-08-05,,,
2017-08-06,,,
2017-08-07,,,
2017-08-08,,,
2017-08-09,,,
2017-08-10,,,
2017-08-11,,,
2017-08-12,,,
2017-08-13,136.08587566266,,
2017-08-14,135.32293329632,,
2017-08-15,,,
2017-08-16,,,
2017-08-17,134.41620214869,,
2017-08-18,,,
2017-08-19,133.75305010375,,
2017-08-20,,,
2017-08-21,133.14886506691002,,
2017-08-22,,,
2017-08-23,132.39408736323003,,
2017-08-24,,,
2017-08-25,,,
2017-08-26,131.00881626525,,
2017-08-27,,,
2017-08-28,130.05990102721,,
2017-08-29,,,
2017-08-30,,,
2017-08-31,,,
2017-09-01,130.95121003426,,
2017-09-02,,,
2017-09-03,129.89116466557,,
2017-09-04,130.02588159946,,
2017-09-05,,,
2017-09-06,129.1558914338,,
2017-09-07,,,
2017-09-08,,,
2017-09-09,,,
2017-09-10,,,
2017-09-11,129.04702926500002,,
2017-09-12,,,
2017-09-13,,,
2017-09-14,,,
2017-09-15,,,
2017-09-16,,,
2017-09-17,,,
2017-09-18,128.57211805360998,,
2017-09-19,,,
2017-09-20,,,
2017-09-21,,,
2017-09-22,,,
2017-09-23,,,
2017-09-24,,,
2017-09-25,,,
2017-09-26,,,
2017-09-27,,,
2017-09-28,,,
2017-09-29,124.60409200085,,
2017-09-30,,,
2017-10-01,123.94093995591001,,
2017-10-02,,,
2017-10-03,,,
2017-10-04,,,
2017-10-05,,,
2017-10-06,,,
2017-10-07,,,
2017-10-08,,,
2017-10-09,123.84795352006002,,
2017-10-10,123.28504538889001,,
2017-10-11,,,
2017-10-12,,,
2017-10-13,,,
2017-10-14,,,
2017-10-15,,,
2017-10-16,121.90793895357001,,
2017-10-17,,,
2017-10-18,,,
2017-10-19,,,
2017-10-20,,,
2017-10-21,,,
2017-10-22,,,
2017-10-23,121.17085135232001,,
2017-10-24,,,
2017-10-25,,,
2017-10-26,,,
2017-10-27,,,
2017-10-28,,,
2017-10-29,,,
2017-10-30,120.4968130905,,
2017-10-31,,,
2017-11-01,,,
2017-11-02,,,
2017-11-03,,,
2017-11-04,,,
2017-11-05,,,
2017-11-06,118.76182227525,,
2017-11-07,,,
2017-11-08,,,
2017-11-09,,,
2017-11-10,,,
2017-11-13,118.34996040329,,
2017-11-22,116.49522120236,,
2017-12-04,116.01214532831001,,
2017-12-08,116.18587120602001,,
2017-12-09,115.71413514122,,
2017-12-10,115.80621439233,,
2017-12-14,114.17282826796,,
2017-12-17,113.82583010491001,,
2017-12-18,113.80995437196,,
2017-12-21,113.624888685,,
2017-12-23,112.6950243265,,
2017-12-26,113.27879770669,,
2017-12-27,112.51313378613001,,
2018-01-02,112.51585534035002,,
2018-01-04,112.10716861498,,
2018-01-05,112.25413254286,,
2018-01-06,111.20179824446,,
2018-01-09,111.25804369834,,
2018-01-10,110.46108190425001,,
2018-01-14,113.58814770303002,,
2018-01-15,111.75382015875,,
2018-01-17,111.55514670069002,,
2018-01-18,111.1392024974,,
2018-01-22,110.87385096095001,,
2018-02-01,108.08607225493,,
2018-02-04,107.42382739473001,,
2018-02-08,104.58297838142,,
2018-02-10,104.98712918309,,
2018-02-12,103.85995214364002,,
2018-02-19,104.95900645615001,,
2018-02-26,105.36814677389,,
2018-03-01,105.75097873417,,
2018-03-05,105.88297411384,,
2018-03-06,105.30509743446,,
2018-03-12,105.06696144021001,,
2018-03-19,105.14906165918,,
2018-03-20,104.5711849798,,
2018-03-24,104.33395617029001,,
2018-04-02,105.89612829257001,,
2018-04-06,103.96019605741002,,
2018-04-15,106.95118414519001,,
2018-04-19,104.73583901011,,
2018-04-23,104.88280293799001,,
2018-04-30,105.49379186038001,,
2018-05-07,105.31915879793,,
2018-05-14,106.76884001245,,
2018-05-19,105.32505549874,,
2018-05-28,106.51618906236001,,
2018-06-04,107.73000224448,,
2018-06-05,105.22707954682001,,
2018-06-06,105.13500029571,,
2018-06-11,106.85910489408,,
2018-06-18,107.16981566753,,
2018-06-19,106.23813693955,,
2018-06-20,105.09916649848,,
2018-06-21,105.54323342871,,
2018-06-27,105.52282177206001,,
2018-07-02,105.26109897457,,
2018-07-09,107.72591991315001,,
2018-07-16,108.43579197220001,,
2018-08-06,109.09712964766001,,
2018-08-07,107.47281537069001,,
2018-08-10,107.71412651153,,
2018-08-12,106.58921743393,,
2018-08-17,107.08317952486,,
2018-08-20,108.03617709423001,,
2018-08-27,108.16907965864002,,
2018-09-01,105.54822294478,,
2018-09-03,107.52407130850001,,
2018-09-16,109.58610222252001,,
2018-09-19,109.35794526041,,
2018-09-24,110.30413894423,,
2018-10-01,108.50110927348001,,
2018-10-08,110.70012508324,,
2018-10-21,110.55316115536002,,
2018-10-29,110.77406063955,,
2018-11-12,110.39803256482,,
2018-11-14,109.36384196122,,
2018-11-16,109.87594774695002,,
2018-11-21,111.08204985878001,,
2018-12-21,110.61212816346001,,
2018-12-22,,,
2018-12-23,,,
2018-12-24,,,
2018-12-25,,,
2018-12-26,,,
2018-12-27,,,
2018-12-28,,,
2018-12-29,,,
2018-12-30,,,
2018-12-31,,,
2019-01-01,112.29495585616002,,
2019-01-02,110.53002794449,,
2019-01-03,109.76935354000001,,
2019-01-04,,,
2019-01-05,,,
2019-01-06,,,
2019-01-07,,,
2019-01-08,,,
2019-01-09,,,
2019-01-10,,,
2019-01-11,,,
2019-01-12,,,
2019-01-13,,,
2019-01-14,111.66718401608,,
2019-01-15,,,
2019-01-16,,,
2019-01-17,110.39712538008,,
2019-01-18,,,
2019-01-19,,,
2019-01-20,,,
2019-01-21,,,
2019-01-22,,,
2019-01-23,,,
2019-01-24,,,
2019-01-25,108.68118544437,,
2019-01-26,,,
2019-01-27,,,
2019-01-28,108.96604145273001,,
2019-01-29,108.48477994816001,,
2019-01-30,108.16409014257002,,
2019-01-31,,,
2019-02-01,107.03419154890001,,
2019-02-02,,,
2019-02-03,,,
2019-02-04,106.91716471744,,
2019-02-05,,,
2019-02-06,,,
2019-02-07,,,
2019-02-08,,,
2019-02-09,,,
2019-02-10,,,
2019-02-11,,,
2019-02-12,,,
2019-02-13,,,
2019-02-14,,,
2019-02-15,,,
2019-02-16,,,
2019-02-17,,,
2019-02-18,,,
2019-02-19,,,
2019-02-20,,,
2019-02-21,,,
2019-02-22,,,
2019-02-23,,,
2019-02-24,,,
2019-02-25,,,
2019-02-26,,,
2019-02-27,110.6447868141,,
2019-02-28,,,
2019-03-01,,,
2019-03-02,,,
2019-03-03,,,
2019-03-04,111.42405850576,,
2019-03-05,,,
2019-03-06,,,
2019-03-07,,,
2019-03-08,,,
2019-03-09,,,
2019-03-10,,,
2019-03-11,111.18320095729,,
2019-03-12,,,
2019-03-13,,,
2019-03-14,,,
2019-03-15,,,
2019-03-16,,,
2019-03-17,,,
2019-03-18,,,
2019-03-19,,,
2019-03-20,,,
2019-03-21,,,
2019-03-22,,,
2019-03-23,110.69377479006,,
2019-03-24,,,
2019-03-25,,,
2019-03-26,,,
2019-03-27,,,
2019-03-28,,,
2019-03-29,,,
2019-03-30,,,
2019-03-31,109.71220090138,,
2019-04-01,,,
2019-04-02,,,
2019-04-03,,,
2019-04-04,,,
2019-04-05,,,
2019-04-06,,,
2019-04-07,107.95407687526,,
2019-04-08,,,
2019-04-09,,,
2019-04-10,,,
2019-04-11,,,
2019-04-12,,,
2019-04-13,,,
2019-04-14,,,
2019-04-15,,,
2019-04-16,,,
2019-04-17,,,
2019-04-18,109.82786695573,,
2019-04-19,,,
2019-04-20,109.22277473415,,
2019-04-21,,,
2019-04-22,,,
2019-04-23,,,
2019-04-24,,,
2019-04-25,,,
2019-04-26,,,
2019-04-27,,,
2019-04-28,,,
2019-04-29,110.99677449322,,
2019-04-30,,,
2019-05-01,,,
2019-05-02,,,
2019-05-03,,,
2019-05-04,,,
2019-05-05,,,
2019-05-06,,,
2019-05-07,,,
2019-05-08,,,
2019-05-09,,,
2019-05-10,111.41317228888,,
2019-05-11,,,
2019-05-12,,,
2019-05-13,,,
2019-05-14,,,
2019-05-15,,,
2019-05-16,,,
2019-05-17,,,
2019-05-18,,,
2019-05-19,,,
2019-05-20,,,
2019-05-21,,,
2019-05-22,,,
2019-05-23,,,
2019-05-24,,,
2019-05-25,,,
2019-05-26,,,
2019-05-27,,,
2019-05-28,,,
2019-05-29,,,
2019-05-30,,,
2019-05-31,,,
2019-06-01,,,
2019-06-02,,,
2019-06-03,,,
2019-06-04,,,
2019-06-05,,,
2019-06-06,,,
2019-06-07,,,
2019-06-08,,,
2019-06-09,,,
2019-06-10,,,
2019-06-11,,,
2019-06-12,111.10019355358,,
2019-06-13,,,
2019-06-14,,,
2019-06-15,,,
2019-06-16,,,
2019-06-17,,,
2019-06-18,,,
2019-06-19,,,
2019-06-20,,,
2019-06-21,111.99286333774,,
2019-06-22,,,
2019-06-23,,,
2019-06-24,,,
2019-06-25,,,
2019-06-26,,,
2019-06-27,,,
2019-06-28,,,
2019-06-29,,,
2019-06-30,,,
2019-07-01,,,
2019-07-02,,,
2019-07-03,,,
2019-07-04,,,
2019-07-05,,,
2019-07-06,,,
2019-07-07,,,
2019-07-08,114.30709160948,,
2019-07-09,,,
2019-07-10,,,
2019-07-11,,,
2019-07-12,,,
2019-07-13,,,
2019-07-14,,,
2019-07-15,113.93378508897001,,
2019-07-16,,,
2019-07-17,,,
2019-07-18,,,
2019-07-19,,,
2019-07-20,,,
2019-07-21,,,
2019-07-22,,,
2019-07-23,,,
2019-07-24,,,
2019-07-25,,,
2019-07-26,,,
2019-07-27,,,
2019-07-28,,,
2019-07-29,,,
2019-07-30,,,
2019-07-31,,,
2019-08-01,,,
2019-08-02,,,
2019-08-03,,,
2019-08-04,,,
2019-08-05,,,
2019-08-06,,,
2019-08-07,,,
2019-08-08,,,
2019-08-09,116.12508982844001,,
2019-08-10,,,
2019-08-11,,,
2019-08-12,,,
2019-08-13,,,
2019-08-14,,,
2019-08-15,,,
2019-08-16,,,
2019-08-17,,,
2019-08-18,,,
2019-08-19,,,
2019-08-20,,,
2019-08-21,,,
2019-08-22,,,
2019-08-23,,,
2019-08-24,,,
2019-08-25,,,
2019-08-26,,,
2019-08-27,115.40478514488001,,
2019-08-28,,,
2019-08-29,,,
2019-08-30,,,
2019-08-31,,,
2019-09-01,,,
2019-09-02,,,
2019-09-03,,,
2019-09-04,,,
2019-09-05,,,
2019-09-06,,,
2019-09-07,,,
2019-09-08,117.37292243831,,
2019-09-09,116.23621995909001,,
2019-09-10,,,
2019-09-11,,,
2019-09-12,,,
2019-09-13,115.34491095204001,,
2019-09-14,,,
2019-09-15,,,
2019-09-16,,,
2019-09-17,,,
2019-09-18,,,
2019-09-19,,,
2019-09-20,,,
2019-09-21,,,
2019-09-22,,,
2019-09-23,,,
2019-09-24,,,
2019-09-25,,,
2019-09-26,,,
2019-09-27,,,
2019-09-28,,,
2019-09-29,,,
2019-09-30,115.89602568159,,
2019-10-01,114.57108236882002,,
2019-10-02,115.10586777305,,
2019-10-03,,,
2019-10-04,,,
2019-10-05,,,
2019-10-06,,,
2019-10-07,115.89194335026001,,
2019-10-08,,,
2019-10-09,,,
2019-10-10,,,
2019-10-11,,,
2019-10-12,,,
2019-10-13,116.1831496518,,
2019-10-14,117.47679509104002,,
2019-10-15,,,
2019-10-16,115.38119834164002,,
2019-10-17,,,
2019-10-18,,,
2019-10-19,,,
2019-10-20,116.30698036881002,,
2019-10-21,,,
2019-10-22,,,
2019-10-23,,,
2019-10-24,,,
2019-10-25,,,
2019-10-26,,,
2019-10-27,,,
2019-10-28,117.17697053447002,,
2019-10-29,,,
2019-10-30,115.41022825332001,,
2019-10-31,,,
2019-11-01,,,
2019-11-02,,,
2019-11-03,,,
2019-11-04,115.29909812267,,
2019-11-05,,,
2019-11-06,,,
2019-11-07,,,
2019-11-08,,,
2019-11-09,,,
2019-11-10,,,
2019-11-11,,,
2019-11-12,115.97177560738001,,
2019-11-13,114.71396396537001,,
2019-11-14,115.18207129121001,,
2019-11-15,114.79198185301001,,
2019-11-16,115.10995010438,,
2019-11-17,,,
2019-11-18,,,
2019-11-19,,,
2019-11-20,,,
2019-11-21,,,
2019-11-22,,,
2019-11-23,114.99292327292,,
2019-11-24,,,
2019-11-25,,,
2019-11-26,,,
2019-11-27,,,
2019-11-28,,,
2019-11-29,,,
2019-11-30,,,
2019-12-01,,,
2019-12-02,,,
2019-12-03,,,
2019-12-04,,,
2019-12-05,,,
2019-12-06,,,
2019-12-07,,,
2019-12-08,,,
2019-12-09,,,
2019-12-10,,,
2019-12-11,,,
2019-12-12,,,
2019-12-13,,,
2019-12-14,,,
2019-12-15,,,
2019-12-16,,,
2019-12-17,,,
2019-12-18,,,
2019-12-19,,,
2019-12-20,,,
2019-12-21,,,
2019-12-22,,,
2019-12-23,,,
2019-12-24,,,
2019-12-25,,,
2019-12-26,,,
2019-12-27,,,
2019-12-28,,,
2019-12-29,120.29405730111,,
2019-12-30,,,
2019-12-31,,,
2020-01-01,,,
2020-01-02,,,
2020-01-03,,,
2020-01-04,,,
2020-01-05,,,
2020-01-06,,,
2020-01-07,,,
2020-01-08,,,
2020-01-09,118.76817256843,,
2020-01-10,116.30698036881002,,
2020-01-11,115.42610398627001,,
2020-01-12,,,
2020-01-13,,,
2020-01-14,,,
2020-01-15,116.32693843309,,
2020-01-16,,,
2020-01-17,,,
2020-01-18,,,
2020-01-19,,,
2020-01-20,,,
2020-01-21,115.58622209288,,
2020-01-22,,,
2020-01-23,,,
2020-01-24,113.89613692226001,,
2020-01-25,,,
2020-01-26,,,
2020-01-27,,,
2020-01-28,114.43500465782,,
2020-01-29,,,
2020-01-30,,,
2020-01-31,,,
2020-02-01,,,
2020-02-02,,,
2020-02-03,,,
2020-02-04,,,
2020-02-05,,,
2020-02-06,,,
2020-02-07,,,
2020-02-08,,,
2020-02-09,,,
2020-02-10,,,
2020-02-11,114.35109006937,,
2020-02-12,,,
2020-02-13,,,
2020-02-14,,,
2020-02-15,,,
2020-02-16,,,
2020-02-17,,,
2020-02-18,,,
2020-02-19,,,
2020-02-20,,,
2020-02-21,,,
2020-02-22,113.11913319245001,,
2020-02-23,,,
2020-02-24,,,
2020-02-25,,,
2020-02-26,,,
2020-02-27,,,
2020-02-28,,,
2020-02-29,,,
2020-03-01,,,
2020-03-02,,,
2020-03-03,,,
2020-03-04,,,
2020-03-05,114.30482364763,,
2020-03-06,,,
2020-03-07,,,
2020-03-08,,,
2020-03-09,,,
2020-03-10,,,
2020-03-11,,,
2020-03-12,,,
2020-03-13,,,
2020-03-14,,,
2020-03-15,,,
2020-03-16,,,
2020-03-17,,,
2020-03-18,,,
2020-03-19,,,
2020-03-20,,,
2020-03-21,,,
2020-03-22,116.58185734503,,
2020-03-23,,,
2020-03-24,,,
2020-03-25,,,
2020-03-26,,,
2020-03-27,,,
2020-03-28,,,
2020-03-29,115.97086842264001,,
2020-03-30,,,
2020-03-31,,,
2020-04-01,,,
2020-04-02,,,
2020-04-03,,,
2020-04-04,,,
2020-04-05,,,
2020-04-06,,,
2020-04-07,,,
2020-04-08,,,
2020-04-09,,,
2020-04-10,,,
2020-04-11,,,
2020-04-12,,,
2020-04-13,,,
2020-04-14,,,
2020-04-15,,,
2020-04-16,,,
2020-04-17,,,
2020-04-18,,,
2020-04-19,,,
2020-04-20,,,
2020-04-21,,,
2020-04-22,,,
2020-04-23,,,
2020-04-24,,,
2020-04-25,,,
2020-04-26,,,
2020-04-27,118.26922096143,,
2020-04-28,,,
2020-04-29,,,
2020-04-30,,,
2020-05-01,,,
2020-05-02,,,
2020-05-03,,,
2020-05-04,,,
2020-05-05,118.25017008189,,
2020-05-06,,,
2020-05-07,,,
2020-05-08,,,
2020-05-09,,,
2020-05-10,,,
2020-05-11,,,
2020-05-12,,,
2020-05-13,,,
2020-05-14,,,
2020-05-15,,,
2020-05-16,,,
2020-05-17,,,
2020-05-18,,,
2020-05-19,,,
2020-05-20,,,
2020-05-21,,,
2020-05-22,116.31196988488,,
2020-05-23,,,
2020-05-24,,,
2020-05-25,,,
2020-05-26,,,
2020-05-27,,,
2020-05-28,,,
2020-05-29,,,
2020-05-30,,,
2020-05-31,,,
2020-06-01,119.50888890864,,
2020-06-02,,,
2020-06-03,,,
2020-06-04,,,
2020-06-05,,,
2020-06-06,,,
2020-06-07,,,
2020-06-08,,,
2020-06-09,,,
2020-06-10,,,
2020-06-11,,,
2020-06-12,,,
2020-06-13,,,
2020-06-14,,,
2020-06-15,,,
2020-06-16,,,
2020-06-17,118.50781054805,,
2020-06-18,,,
2020-06-19,,,
2020-06-20,,,
2020-06-21,,,
2020-06-22,121.54778661179,,
2020-06-23,,,
2020-06-24,,,
2020-06-25,,,
2020-06-26,,,
2020-06-27,,,
2020-06-28,,,
2020-06-29,121.01799072362999,,
2020-06-30,,,
2020-07-01,,,
2020-07-02,,,
2020-07-03,,,
2020-07-04,,,
2020-07-05,,,
2020-07-06,,,
2020-07-07,,,
2020-07-08,,,
2020-07-09,,,
2020-07-10,,,
2020-07-11,,,
2020-07-12,,,
2020-07-13,,,
2020-07-14,,,
2020-07-15,,,
2020-07-16,119.43087102100002,,
2020-07-17,,,
2020-07-18,,,
2020-07-19,,,
2020-07-20,,,
2020-07-21,,,
2020-07-22,,,
2020-07-23,,,
2020-07-24,,,
2020-07-25,,,
2020-07-26,,,
2020-07-27,,,
2020-07-28,,,
2020-07-29,,,
2020-07-30,,,
2020-08-01,,,
2020-08-02,,,
2020-08-03,,,
2020-08-04,,,
2020-08-05,,,
2020-08-06,,,
2020-08-07,117.95215989480002,,
2020-08-10,,,
2020-08-12,,,
2020-08-13,,,
2020-08-14,,,
2020-08-16,,,
2020-08-17,,,
2020-08-19,,,
2020-08-20,,,
2020-08-21,,,
2020-08-24,,,
2020-08-25,,,
2020-08-26,,,
2020-08-27,,,
2020-08-28,,,
2020-08-29,,,
2020-08-30,,,
2020-08-31,,,
2020-09-01,,,
2020-09-02,,,
2020-09-03,,,
2020-09-05,,,
2020-09-06,,,
2020-09-07,,,
2020-09-08,,,
2020-09-09,,,
2020-09-10,,,
2020-09-11,,,
2020-09-12,,,
2020-09-13,,,
2020-09-14,,,
2020-09-15,,,
2020-09-16,,,
2020-09-17,,,
2020-09-18,,,
2020-09-19,,,
2020-09-20,,,
2020-09-21,,,
2020-09-22,,,
2020-09-23,,,
2020-09-24,,,
2020-09-25,,,
2020-09-26,,,
2020-09-27,,,
2020-09-28,,,
2020-09-29,,,
2020-09-30,,,
2020-10-01,,,
2020-10-02,,,
2020-10-03,,,
2020-10-04,,,
2020-10-05,,,
2020-10-06,,,
2020-10-07,,,
2020-10-08,,,
2020-10-09,,,
2020-10-10,,,
2020-10-11,,,
2020-10-12,,,
2020-10-13,,,
2020-10-14,,,
2020-10-15,,,
2020-10-16,,,
2020-10-17,,,
2020-10-18,,,
2020-10-19,,,
2020-10-20,,,
2020-10-21,,,
2020-10-22,,,
2020-10-23,,,
2020-10-24,,,
2020-10-25,,,
2020-10-26,,,
2020-10-27,,,
2020-10-28,117.93492338474002,,
2020-10-29,,,
2020-10-30,,,
2020-10-31,,,
2020-11-01,,,
2020-11-02,,,
2020-11-03,,,
2020-11-04,,,
2020-11-05,,,
2020-11-06,,,
2020-11-07,,,
2020-11-08,,,
2020-11-09,,,
2020-11-10,,,
2020-11-11,,,
2020-11-12,,,
2020-11-13,,,
2020-11-14,,,
2020-11-15,,,
2020-11-16,,,
2020-11-17,,,
2020-11-18,,,
2020-11-19,,,
2020-11-20,,,
2020-11-21,,,
2020-11-22,,,
2020-11-23,,,
2020-11-24,,,
2020-11-25,,,
2020-11-26,,,
2020-11-27,,,
2020-11-28,,,
2020-11-29,,,
2020-11-30,,,
2020-12-01,,,
2020-12-02,,,
2020-12-03,,,
2020-12-04,,,
2020-12-05,,,
2020-12-06,,,
2020-12-07,,,
2020-12-08,,,
2020-12-09,,,
2020-12-10,,,
2020-12-11,,,
2020-12-12,,,
2020-12-13,,,
2020-12-14,,,
2020-12-15,,,
2020-12-16,,,
2020-12-17,,,
2020-12-18,,,
2020-12-19,,,
2020-12-20,,,
2020-12-21,,,
2020-12-22,,,
2020-12-23,,,
2020-12-24,,,
2020-12-25,,,
2020-12-26,,,
2020-12-27,120.20878193555,,
2020-12-28,,,
2020-12-29,,,
2020-12-30,,,
2020-12-31,,,
2021-01-01,,,
2021-01-02,,,
2021-01-03,,,
2021-01-04,,,
2021-01-05,,,
2021-01-06,,,
2021-01-07,,,
2021-01-08,117.08080895203003,,
2021-01-09,,,
2021-01-10,,,
2021-01-11,,,
2021-01-12,,,
2021-01-13,,,
2021-01-14,,,
2021-01-15,,,
2021-01-16,,,
2021-01-17,,,
2021-01-18,,,
2021-01-19,116.47118080675,,
2021-01-20,,,
2021-01-21,117.35477874351001,,
2021-01-22,,,
2021-01-23,,,
2021-01-24,116.78688109627001,,
2021-01-25,115.50684342813001,,
2021-01-26,,,
2021-01-27,,,
2021-01-28,,,
2021-01-29,,,
2021-01-30,,,
2021-01-31,,,
2021-02-01,,,
2021-02-02,,,
2021-02-03,,,
2021-02-04,,,
2021-02-05,,,
2021-02-06,,,
2021-02-07,,,
2021-02-08,,,
2021-02-09,,,
2021-02-10,,,
2021-02-11,,,
2021-02-12,,,
2021-02-13,,,
2021-02-14,,,
2021-02-15,,,
2021-02-16,,,
2021-02-17,,,
2021-02-18,,,
2021-02-19,,,
2021-02-20,,,
2021-02-21,,,
2021-02-22,,,
2021-02-23,,,
2021-02-24,,,
2021-02-25,,,
2021-02-26,,,
2021-02-27,,,
2021-02-28,,,
2021-03-01,,,
2021-03-02,,,
2021-03-03,,,
2021-03-04,,,
2021-03-05,,,
2021-03-06,,,
2021-03-07,,,
2021-03-08,,,
2021-03-09,,,
2021-03-10,,,
2021-03-11,,,
2021-03-12,,,
2021-03-13,,,
2021-03-14,,,
2021-03-15,,,
2021-03-16,,,
2021-03-17,,,
2021-03-18,,,
2021-03-19,,,
2021-03-20,,,
2021-03-21,,,
2021-03-22,,,
2021-03-23,,,
2021-03-24,,,
2021-03-25,,,
2021-03-26,,,
2021-03-27,,,
2021-03-28,118.56088085534,,
2021-03-29,,,
2021-03-30,,,
2021-03-31,,,
2021-04-01,,,
2021-04-02,,,
2021-04-03,,,
2021-04-04,,,
2021-04-05,,,
2021-04-06,,,
2021-04-07,,,
2021-04-08,,,
2021-04-09,,,
2021-04-10,,,
2021-04-11,,,
2021-04-12,,,
2021-04-13,116.89302171085,,
2021-04-14,,,
2021-04-15,,,
2021-04-16,,,
2021-04-17,,,
2021-04-18,116.65397853186,,
2021-04-19,,,
2021-04-20,,,
2021-04-21,,,
2021-04-22,,,
2021-04-23,,,
2021-04-24,,,
2021-04-25,,,
2021-04-26,,,
2021-04-27,,,
2021-04-28,,,
2021-04-29,,,
2021-04-30,,,
2021-05-01,,,
2021-05-02,,,
2021-05-03,,,
2021-05-04,,,
2021-05-05,,,
2021-05-06,,,
2021-05-07,,,
2021-05-08,,,
2021-05-09,,,
2021-05-10,,,
2021-05-11,,,
2021-05-12,,,
2021-05-13,,,
2021-05-14,,,
2021-05-15,,,
2021-05-16,,,
2021-05-17,,,
2021-05-18,,,
2021-05-19,,,
2021-05-20,,,
2021-05-21,,,
2021-05-22,,,
2021-05-23,,,
2021-05-24,,,
2021-05-25,117.3488820427,,
2021-05-26,,,
2021-05-27,,,
2021-05-28,,,
2021-05-29,,,
2021-05-30,,,
2021-05-31,,,
2021-06-01,,,
2021-06-02,,,
2021-06-03,,,
2021-06-04,,,
2021-06-05,,,
2021-06-06,,,
2021-06-07,,,
2021-06-08,,,
2021-06-09,,,
2021-06-10,,,
2021-06-11,,,
2021-06-12,,,
2021-06-13,,,
2021-06-14,,,
2021-06-15,,,
2021-06-16,,,
2021-06-17,,,
2021-06-18,,,
2021-06-19,,,
2021-06-20,,,
2021-06-21,,,
2021-06-22,,,
2021-06-23,,,
2021-06-24,,,
2021-06-25,,,
2021-06-26,,,
2021-06-27,,,
2021-06-28,,,
2021-06-29,,,
2021-06-30,,,
2021-07-01,,,
2021-07-02,,,
2021-07-03,,,
2021-07-04,,,
2021-07-05,,,
2021-07-06,,,
2021-07-07,,,
2021-07-08,,,
2021-07-09,,,
2021-07-10,,,
2021-07-11,,,
2021-07-12,,,
2021-07-13,,,
2021-07-14,,,
2021-07-15,,,
2021-07-16,,,
2021-07-17,,,
2021-07-18,,,
2021-07-19,,,
2021-07-20,120.48592687362,,
2021-07-21,,,
2021-07-22,,,
2021-07-23,,,
2021-07-24,,,
2021-07-25,,,
2021-07-26,,,
2021-07-27,,,
2021-07-28,,,
2021-07-29,,,
2021-07-30,,,
2021-07-31,,,
2021-08-01,,,
2021-08-02,,,
2021-08-03,,,
2021-08-04,,,
2021-08-05,,,
2021-08-06,,,
2021-08-07,,,
2021-08-08,,,
2021-08-09,,,
2021-08-10,,,
2021-08-11,,,
2021-08-12,,,
2021-08-13,,,
2021-08-14,,,
2021-08-15,,,
2021-08-16,,,
2021-08-17,,,
2021-08-18,,,
2021-08-19,,,
2021-08-20,,,
2021-08-21,,,
2021-08-22,,,
2021-08-23,,,
2021-08-24,,,
2021-08-25,114.53479497922001,,
2021-08-26,,,
2021-08-27,,,
2021-08-28,,,
2021-08-29,,,
2021-08-30,,,
2021-08-31,,,
2021-09-01,,,
2021-09-02,,,
2021-09-03,,,
2021-09-04,,,
2021-09-05,,,
2021-09-06,,,
2021-09-07,,,
2021-09-08,,,
2021-09-09,,,
2021-09-10,,,
2021-09-11,,,
2021-09-12,,,
2021-09-13,,,
2021-09-14,,,
2021-09-15,,,
2021-09-16,,,
2021-09-17,,,
2021-09-18,,,
2021-09-19,,,
2021-09-20,,,
2021-09-21,,,
2021-09-22,,,
2021-09-23,,,
2021-09-24,,,
2021-09-25,,,
2021-09-26,,,
2021-09-27,,,
2021-09-28,,,
2021-09-29,,,
2021-09-30,,,
2021-10-01,,,
2021-10-02,,,
2021-10-03,,,
2021-10-04,,,
2021-10-05,,,
2021-10-06,,,
2021-10-07,,,
2021-10-08,,,
2021-10-09,,,
2021-10-10,,,
2021-10-11,,,
2021-10-12,,,
2021-10-13,,,
2021-10-14,,,
2021-10-15,,,
2021-10-16,,,
2021-10-17,,,
2021-10-18,,,
2021-10-19,,,
2021-10-20,,,
2021-10-21,,,
2021-10-22,,,
2021-10-23,,,
2021-10-24,,,
2021-10-25,,,
2021-10-26,,,
2021-10-27,,,
2021-10-28,,,
2021-10-29,,,
2021-10-30,,,
2021-10-31,,,
2021-11-01,,,
2021-11-02,,,
2021-11-03,,,
2021-11-04,,,
2021-11-05,,,
2021-11-06,,,
2021-11-07,,,
2021-11-08,,,
2021-11-09,,,
2021-11-10,,,
2021-11-11,,,
2021-11-12,,,
2021-11-13,,,
2021-11-14,,,
2021-11-15,,,
2021-11-16,,,
2021-11-17,,,
2021-11-18,,,
2021-11-19,,,
2021-11-20,,,
2021-11-21,,,
2021-11-22,,,
2021-11-23,,,
2021-11-24,,,
2021-11-25,,,
2021-11-26,,,
2021-11-27,,,
2021-11-28,,,
2021-11-29,,,
2021-11-30,,,
2021-12-01,,,
2021-12-02,,,
2021-12-03,,,
2021-12-04,,,
2021-12-05,,,
2021-12-06,,,
2021-12-07,,,
2021-12-08,,,
2021-12-09,,,
2021-12-10,,,
2021-12-11,,,
2021-12-12,,,
2021-12-13,,,
2021-12-14,,,
2021-12-15,,,
2021-12-16,,,
2021-12-17,,,
2021-12-18,,,
2021-12-19,,,
2021-12-20,,,
2021-12-21,,,
2021-12-22,,,
2021-12-23,,,
2021-12-24,,,
2021-12-25,,,
2021-12-26,,,
2021-12-27,,,
2021-12-28,,,
2021-12-29,,,
2021-12-30,,,
2021-12-31,,,
2022-01-01,,,
2022-01-02,,,
2022-01-03,,,
2022-01-04,112.51993767168,,
2022-01-05,,,
2022-01-06,,,
2022-01-07,,,
2022-01-08,,,
2022-01-09,,,
2022-01-10,,,
2022-01-11,,,
2022-01-12,,,
2022-01-13,111.96201905658,,
2022-01-14,,,
2022-01-15,,,
2022-01-16,112.75580570408,,
2022-01-17,112.66418004534,,
2022-01-18,,,
2022-01-19,112.3820455912,,
2022-01-20,,,
2022-01-21,,,
2022-01-22,,,
2022-01-23,,,
2022-01-24,,,
2022-01-25,,,
2022-01-26,,,
2022-01-27,,,
2022-01-28,,,
2022-01-29,,,
2022-01-30,,,
2022-01-31,,,
2022-02-01,,,
2022-02-02,,,
2022-02-03,,,
2022-02-04,,,
2022-02-05,,,
2022-02-06,,,
2022-02-07,,,
2022-02-08,,,
2022-02-09,,,
2022-02-10,,,
2022-02-11,,,
2022-02-12,,,
2022-02-13,111.88581553842,,
2022-02-14,,,
2022-02-15,,,
2022-02-16,,,
2022-02-17,,,
2022-02-18,,,
2022-02-19,,,
2022-02-20,,,
2022-02-21,113.69610268709,,
2022-02-22,,,
2022-02-23,,,
2022-02-24,,,
2022-02-25,,,
2022-02-26,,,
2022-02-27,,,
2022-02-28,,,
2022-03-01,113.22300584518001,,
2022-03-02,,,
2022-03-03,111.74021238765,,
2022-03-04,,,
2022-03-05,,,
2022-03-06,,,
2022-03-07,,,
2022-03-08,,,
2022-03-09,,,
2022-03-10,,,
2022-03-11,,,
2022-03-12,,,
2022-03-13,,,
2022-03-14,,,
2022-03-15,,,
2022-03-16,,,
2022-03-17,,,
2022-03-18,,,
2022-03-19,,,
2022-03-20,,,
2022-03-21,,,
2022-03-22,,,
2022-03-23,,,
2022-03-24,,,
2022-03-25,,,
2022-03-26,,,
2022-03-27,,,
2022-03-28,,,
2022-03-29,,,
2022-03-30,,,
2022-03-31,108.8621688,,
2022-04-01,,,
2022-04-02,,,
2022-04-03,,,
2022-04-04,,,
2022-04-05,,,
2022-04-06,,,
2022-04-07,,,
2022-04-08,,,
2022-04-09,,,
2022-04-10,,,
2022-04-11,,,
2022-04-12,,,
2022-04-13,113.35182607826,,
2022-04-14,,,
2022-04-15,112.29314148668,,
2022-04-16,111.45580997166,,
2022-04-17,,,
2022-04-18,,,
2022-04-19,112.23598884806,,
2022-04-20,,,
2022-04-21,,,
2022-04-22,,,
2022-04-23,,,
2022-04-24,,,
2022-04-25,,,
2022-04-26,112.96717974850002,,
2022-04-27,,,
2022-04-28,,,
2022-04-29,,,
2022-04-30,,,
2022-05-01,,,
2022-05-02,,,
2022-05-03,,,
2022-05-04,,,
2022-05-05,,,
2022-05-06,,,
2022-05-07,,,
2022-05-08,,,
2022-05-09,,,
2022-05-10,,,
2022-05-11,,,
2022-05-12,,,
2022-05-13,,,
2022-05-14,,,
2022-05-15,111.44991327085,,
2022-05-16,,,
2022-05-17,,,
2022-05-18,,,
2022-05-19,,,
2022-05-20,,,
2022-05-21,,,
2022-05-22,112.80479368004,,
2022-05-23,,,
2022-05-24,,,
2022-05-25,,,
2022-05-26,,,
2022-05-27,,,
2022-05-28,,,
2022-05-29,,,
2022-05-30,,,
2022-05-31,,,
2022-06-01,111.19499435891001,,
2022-06-02,,,
2022-06-03,,,
2022-06-04,,,
2022-06-05,109.79883704405,,
2022-06-06,,,
2022-06-07,,,
2022-06-08,,,
2022-06-09,,,
2022-06-10,,,
2022-06-11,,,
2022-06-12,,,
2022-06-13,,,
2022-06-14,111.32608255384,,
2022-06-15,,,
2022-06-16,,,
2022-06-17,,,
2022-06-18,,,
2022-06-19,,,
2022-06-20,,,
2022-06-21,,,
2022-06-22,,,
2022-06-23,,,
2022-06-24,,,
2022-06-25,,,
2022-06-26,,,
2022-06-27,,,
2022-06-28,,,
2022-06-29,,,
2022-06-30,,,
2022-07-01,,,
2022-07-02,,,
2022-07-03,,,
2022-07-04,,,
2022-07-05,,,
2022-07-06,,,
2022-07-07,,,
2022-07-08,,,
2022-07-09,,,
2022-07-10,,,
2022-07-11,,,
2022-07-12,,,
2022-07-13,,,
2022-07-14,,,
2022-07-15,,,
2022-07-16,,,
2022-07-17,,,
2022-07-18,,,
2022-07-19,,,
2022-07-20,,,
2022-07-21,,,
2022-07-22,,,
2022-07-23,,,
2022-07-24,,,
2022-07-25,,,
2022-07-26,,,
2022-07-27,,,
2022-07-28,,,
2022-07-29,,,
2022-07-30,,,
2022-07-31,,,
2022-08-01,,,
2022-08-02,,,
2022-08-03,,,
2022-08-04,,,
2022-08-05,,,
2022-08-06,,,
2022-08-07,,,
2022-08-08,,,
2022-08-09,,,
2022-08-10,,,
2022-08-11,,,
2022-08-12,113.42394726509,,
2022-08-13,,,
2022-08-14,,,
2022-08-15,,,
2022-08-16,,,
2022-08-17,,,
2022-08-18,,,
2022-08-19,,,
2022-08-20,112.10490065313,,
2022-08-21,,,
2022-08-22,,,
2022-08-23,112.67279830037,,
2022-08-24,,,
2022-08-25,,,
2022-08-26,,,
2022-08-27,,,
2022-08-28,,,
2022-08-29,,,
2022-08-30,,,
2022-08-31,,,
2022-09-01,,,
2022-09-02,,,
2022-09-03,,,
2022-09-04,,,
2022-09-05,,,
2022-09-06,,,
2022-09-07,,,
2022-09-08,,,
2022-09-09,,,
2022-09-10,,,
2022-09-11,,,
2022-09-12,,,
2022-09-13,,,
2022-09-14,,,
2022-09-15,,,
2022-09-16,,,
2022-09-17,,,
2022-09-18,,,
2022-09-19,,,
2022-09-20,,,
2022-09-21,,,
2022-09-22,,,
2022-09-23,,,
2022-09-24,,,
2022-09-25,,,
2022-09-26,,,
2022-09-27,,,
2022-09-28,,,
2022-09-29,,,
2022-09-30,,,
2022-10-01,,,
2022-10-02,,,
2022-10-03,111.96292624132,,
2022-10-04,,,
2022-10-05,,,
2022-10-06,,,
2022-10-07,,,
2022-10-08,,,
2022-10-09,,,
2022-10-10,,,
2022-10-11,,,
2022-10-12,,,
2022-10-13,,,
2022-10-14,,,
2022-10-15,,,
2022-10-16,,,
2022-10-17,,,
2022-10-18,,,
2022-10-19,,,
2022-10-20,,,
2022-10-21,,,
2022-10-22,,,
2022-10-23,,,
2022-10-24,,,
2022-10-25,,,
2022-10-26,,,
2022-10-27,,,
2022-10-28,,,
2022-10-29,,,
2022-10-30,,,
2022-10-31,,,
2022-11-01,,,
2022-11-02,,,
2022-11-03,,,
2022-11-04,,,
2022-11-05,,,
2022-11-06,,,
2022-11-07,,,
2022-11-08,,,
2022-11-09,,,
2022-11-10,,,
2022-11-11,,,
2022-11-12,,,
2022-11-13,,,
2022-11-14,,,
2022-11-15,,,
2022-11-16,,,
2022-11-17,,,
2022-11-18,,,
2022-11-19,,,
2022-11-20,,,
2022-11-21,,,
2022-11-22,,,
2022-11-23,,,
2022-11-24,,,
2022-11-25,114.38510949712,,
2022-11-26,,,
2022-11-27,,,
2022-11-28,,,
2022-11-29,,,
2022-11-30,,,
2022-12-01,,,
2022-12-02,,,
2022-12-03,,,
2022-12-04,,,
2022-12-05,,,
2022-12-06,,,
2022-12-07,,,
2022-12-08,,,
2022-12-09,,,
2022-12-10,,,
2022-12-11,,,
2022-12-12,,,
2022-12-13,,,
2022-12-14,,,
2022-12-15,,,
2022-12-16,,,
2022-12-17,,,
2022-12-18,,,
2022-12-19,,,
2022-12-20,,,
2022-12-21,,,
2022-12-22,,,
2022-12-23,,,
2022-12-24,,,
2022-12-25,,,
2022-12-26,,,
2022-12-27,,,
2022-12-28,,,
2022-12-29,,,
2022-12-30,,,
2022-12-31,,,
2023-01-01,,,
2023-01-02,,,
2023-01-03,113.58905488777,,
2023-01-04,,,
2023-01-05,,,
2023-01-06,,,
2023-01-07,,,
2023-01-08,,,
2023-01-09,,,
2023-01-10,,,
2023-01-11,,,
2023-01-12,,,
2023-01-13,,,
2023-01-14,,,
2023-01-15,,,
2023-01-16,,,
2023-01-17,,,
2023-01-18,,,
2023-01-19,,,
2023-01-20,,,
2023-01-21,,,
2023-01-22,,,
2023-01-23,,,
2023-01-24,,,
2023-01-25,,,
2023-01-26,,,
2023-01-27,,,
2023-01-28,,,
2023-01-29,,,
2023-01-30,,,
2023-01-31,,,
2023-02-01,,,
2023-02-02,,,
2023-02-03,,,
2023-02-04,,,
2023-02-05,,,
2023-02-06,,,
2023-02-07,,,
2023-02-08,,,
2023-02-09,,,
2023-02-10,,,
2023-02-11,,,
2023-02-12,110.73414451099,,
2023-02-13,,,
2023-02-14,,,
2023-02-15,,,
2023-02-16,,,
2023-02-17,,,
2023-02-18,,,
2023-02-19,113.44889484544001,,
2023-02-20,,,
2023-02-21,,,
2023-02-22,,,
2023-02-23,,,
2023-02-24,,,
2023-02-25,,,
2023-02-26,,,
2023-02-27,,,
2023-02-28,,,
2023-03-01,,,
2023-03-02,,,
2023-03-03,,,
2023-03-04,,,
2023-03-05,,,
2023-03-06,,,
2023-03-07,,,
2023-03-08,,,
2023-03-09,,,
2023-03-10,,,
2023-03-11,,,
2023-03-12,,,
2023-03-13,,,
2023-03-14,,,
2023-03-15,,,
2023-03-16,,,
2023-03-17,,,
2023-03-18,,,
2023-03-19,,,
2023-03-20,,,
2023-03-21,,,
2023-03-22,,,
2023-03-23,,,
2023-03-24,,,
2023-03-25,,,
2023-03-26,,,
2023-03-27,,,
2023-03-28,,,
2023-03-29,,,
2023-03-30,,,
2023-03-31,,,
2023-04-01,,,
2023-04-02,,,
2023-04-03,112.61882080834,,
2023-04-04,,,
2023-04-05,,,
2023-04-06,,,
2023-04-07,,,
2023-04-08,,,
2023-04-09,,,
2023-04-10,,,
2023-04-11,112.11487968527,,
2023-04-12,,,
2023-04-13,,,
2023-04-14,,,
2023-04-15,,,
2023-04-16,114.29484461549,,
2023-04-17,,,
2023-04-18,,,
2023-04-19,,,
2023-04-20,,,
2023-04-21,,,
2023-04-22,,,
2023-04-23,,,
2023-04-24,,,
2023-04-25,,,
2023-04-26,,,
2023-04-27,,,
2023-04-28,,,
2023-04-29,,,
2023-04-30,,,
2023-05-01,,,
2023-05-02,,,
2023-05-03,,,
2023-05-04,,,
2023-05-05,,,
2023-05-06,,,
2023-05-07,,,
2023-05-08,,,
2023-05-09,,,
2023-05-10,,,
2023-05-11,,,
2023-05-12,,,
2023-05-13,,,
2023-05-14,,,
2023-05-15,,,
2023-05-16,,,
2023-05-17,,,
2023-05-18,,,
2023-05-19,,,
2023-05-20,,,
2023-05-21,,,
2023-05-22,,,
2023-05-23,,,
2023-05-24,,,
2023-05-25,,,
2023-05-26,,,
2023-05-27,,,
2023-05-28,,,
2023-05-29,,,
2023-05-30,,,
2023-05-31,,,
2023-06-01,,,
2023-06-02,,,
2023-06-03,,,
2023-06-04,,,
2023-06-05,,,
2023-06-06,,,
2023-06-07,,,
2023-06-08,,,
2023-06-09,,,
2023-06-10,,,
2023-06-11,,,
2023-06-12,,,
2023-06-13,,,
2023-06-14,,,
2023-06-15,,,
2023-06-16,,,
2023-06-17,,,
2023-06-18,,,
2023-06-19,,,
2023-06-20,,,
2023-06-21,,,
2023-06-22,,,
2023-06-23,,,
2023-06-24,,,
2023-06-25,,,
2023-06-26,,,
2023-06-27,,,
2023-06-28,,,
2023-06-29,,,
2023-06-30,,,
2023-07-01,,,
2023-07-02,,,
2023-07-03,,,
2023-07-04,,,
2023-07-05,,,
2023-07-06,,,
2023-07-07,,,
2023-07-08,,,
2023-07-09,,,
2023-07-10,,,
2023-07-11,,,
2023-07-12,,,
2023-07-13,,,
2023-07-14,,,
2023-07-15,,,
2023-07-16,,,
2023-07-17,,,
2023-07-18,,,
2023-07-19,,,
2023-07-20,,,
2023-07-21,,,
2023-07-22,,,
2023-07-23,,,
2023-07-24,118.32183767635001,,
2023-07-25,,,
2023-07-26,,,
2023-07-27,,,
2023-07-28,,,
2023-07-29,,,
2023-07-30,,,
2023-07-31,,,
2023-08-01,,,
2023-08-02,,,
2023-08-03,,,
2023-08-04,,,
2023-08-05,,,
2023-08-06,,,
2023-08-07,,,
2023-08-08,,,
2023-08-09,,,
2023-08-10,,,
2023-08-11,,,
2023-08-12,,,
2023-08-13,,,
2023-08-14,,,
2023-08-15,,,
2023-08-16,,,
2023-08-17,,,
2023-08-18,,,
2023-08-19,,,
2023-08-20,,,
2023-08-21,,,
2023-08-22,,,
2023-08-23,,,
2023-08-24,,,
2023-08-25,,,
2023-08-26,,,
2023-08-27,,,
2023-08-28,,,
2023-08-29,,,
2023-08-30,,,
2023-08-31,115.16302041167,,
2023-09-01,,,
2023-09-02,,,
2023-09-03,,,
2023-09-04,,,
2023-09-05,,,
2023-09-06,,,
2023-09-07,,,
2023-09-08,,,
2023-09-09,,,
2023-09-10,,,
2023-09-11,,,
2023-09-12,,,
2023-09-13,,,
2023-09-14,,,
2023-09-15,,,
2023-09-16,,,
2023-09-17,,,
2023-09-18,,,
2023-09-19,,,
2023-09-20,,,
2023-09-21,,,
2023-09-22,,,
2023-09-23,,,
2023-09-24,,,
2023-09-25,,,
2023-09-26,,,
2023-09-27,,,
2023-09-28,,,
2023-09-29,,,
2023-09-30,,,
2023-10-01,,,
2023-10-02,,,
2023-10-03,,,
2023-10-04,,,
2023-10-05,,,
2023-10-06,,,
2023-10-07,,,
2023-10-08,,,
2023-10-09,,,
2023-10-10,,,
2023-10-11,,,
2023-10-12,,,
2023-10-13,,,
2023-10-14,,,
2023-10-15,,,
2023-10-16,,,
2023-10-17,,,
2023-10-18,,,
2023-10-19,,,
2023-10-20,,,
2023-10-21,,,
2023-10-22,,,
2023-10-23,,,
2023-10-24,,,
2023-10-25,,,
2023-10-26,,,
2023-10-27,,,
2023-10-28,,,
2023-10-29,,,
2023-10-30,,,
2023-10-31,,,
2023-11-01,,,
2023-11-02,,,
2023-11-03,,,
2023-11-04,,,
2023-11-05,,,
2023-11-06,,,
2023-11-07,,,
2023-11-08,,,
2023-11-09,,,
2023-11-10,,,
2023-11-11,,,
2023-11-12,,,
2023-11-13,,,
2023-11-14,,,
2023-11-15,,,
2023-11-16,,,
2023-11-17,,,
2023-11-18,,,
2023-11-19,,,
2023-11-20,,,
2023-11-21,,,
2023-11-22,,,
2023-11-23,,,
2023-11-24,,,
2023-11-25,,,
2023-11-26,,,
2023-11-27,,,
2023-11-28,,,
2023-11-29,,,
2023-11-30,,,
2023-12-01,,,
2023-12-02,,,
2023-12-03,,,
2023-12-04,,,
2023-12-05,,,
2023-12-06,,,
2023-12-07,,,
2023-12-08,,,
2023-12-09,,,
2023-12-10,,,
2023-12-11,,,
2023-12-12,,,
2023-12-13,,,
2023-12-14,,,
2023-12-15,,,
2023-12-16,,,
2023-12-17,,,
2023-12-18,,,
2023-12-19,,,
2023-12-20,,,
2023-12-21,,,
2023-12-22,,,
2023-12-23,,,
2023-12-24,,,
2023-12-25,,,
2023-12-26,,,
2023-12-27,,,
2023-12-28,,,
2023-12-29,,,
2023-12-30,,,
2023-12-31,,,
2024-01-01,,,
2024-01-02,,,
2024-01-03,,,
2024-01-04,,,
2024-01-05,,,
2024-01-06,,,
2024-01-07,,,
2024-01-08,,,
2024-01-09,,,
2024-01-10,,,
2024-01-11,,,
2024-01-12,,,
2024-01-13,,,
2024-01-14,,,
2024-01-15,,,
2024-01-16,,,
2024-01-17,,,
2024-01-18,,,
2024-01-19,,,
2024-01-20,,,
2024-01-21,,,
2024-01-22,,,
2024-01-23,,,
2024-01-24,,,
2024-01-25,,,
2024-01-26,,,
2024-01-27,,,
2024-01-28,,,
2024-01-29,,,
2024-01-30,,,
2024-01-31,,,
2024-02-01,,,
2024-02-02,,,
2024-02-03,,,
2024-02-04,,,
2024-02-05,,,
2024-02-06,,,
2024-02-07,,,
2024-02-08,,,
2024-02-09,,,
2024-02-10,,,
2024-02-11,,,
2024-02-12,,,
2024-02-13,,,
2024-02-14,,,
2024-02-15,,,
2024-02-16,,,
2024-02-17,,,
2024-02-18,118.02700263585,,
2024-02-19,,,
2024-02-20,,,
2024-02-21,,,
2024-02-22,,,
2024-02-23,,,
2024-02-24,,,
2024-02-25,,,
2024-02-26,,,
2024-02-27,,,
2024-02-28,,,
2024-02-29,,,
2024-03-01,,,
2024-03-02,,,
2024-03-03,,,
2024-03-04,,,
2024-03-05,,,
2024-03-06,,,
2024-03-07,,,
2024-03-08,,,
2024-03-09,,,
2024-03-10,,,
2024-03-11,,,
2024-03-12,,,
2024-03-13,,,
2024-03-14,,,
2024-03-15,,,
2024-03-16,,,
2024-03-17,,,
2024-03-18,,,
2024-03-19,,,
2024-03-20,,,
2024-03-21,,,
2024-03-22,,,
2024-03-23,,,
2024-03-24,,,
2024-03-25,,,
2024-03-26,,,
2024-03-27,,,
2024-03-28,,,
2024-03-29,,,
2024-03-30,,,
2024-03-31,,,
2024-04-01,,,
2024-04-02,,,
2024-04-03,,,
2024-04-04,,,
2024-04-05,,,
2024-04-06,,,
2024-04-07,,,
2024-04-08,,,
2024-04-09,,,
2024-04-10,,,
2024-04-11,,,
2024-04-12,,,
2024-04-13,,,
2024-04-14,,,
2024-04-15,,,
2024-04-16,,,
2024-04-17,,,
2024-04-18,,,
2024-04-19,,,
2024-04-20,,,
2024-04-21,,,
2024-04-22,,,
2024-04-23,,,
2024-04-24,,,
2024-04-25,,,
2024-04-26,,,
2024-04-27,,,
2024-04-28,,,
2024-04-29,,,
2024-04-30,,,
2024-05-01,,,
2024-05-02,,,
2024-05-03,,,
2024-05-04,,,
2024-05-05,,,
2024-05-06,,,
2024-05-07,,,
2024-05-08,,,
2024-05-09,,,
2024-05-10,,,
2024-05-11,,,
2024-05-12,,,
2024-05-13,,,
2024-05-14,,,
2024-05-15,,,
2024-05-16,,,
2024-05-17,,,
2024-05-18,,,
2024-05-19,,,
2024-05-20,,,
2024-05-21,,,
2024-05-22,,,
2024-05-23,114.90900868447,,
2024-05-24,,,
2024-05-25,,,
2024-05-26,,,
2024-05-27,,,
2024-05-28,,,
2024-05-29,,,
2024-05-30,,,
2024-05-31,,,
2024-06-01,,,
2024-06-02,,,
2024-06-03,,,
2024-06-04,,,
2024-06-05,,,
2024-06-06,,,
2024-06-07,,,
2024-06-08,,,
2024-06-09,,,
2024-06-10,,,
2024-06-11,,,
2024-06-12,,,
2024-06-13,,,
2024-06-14,,,
2024-06-15,,,
2024-06-16,,,
2024-06-17,113.61989916893,,
2024-06-18,,,
2024-06-19,112.97806596538001,,
2024-06-20,,,
2024-06-21,,,
2024-06-22,,,
2024-06-23,,,
2024-06-24,,,
2024-06-25,,,
2024-06-26,,,
2024-06-27,,,
2024-06-28,,,
2024-06-29,,,
2024-06-30,113.65301141194001,,
2024-07-01,,,
2024-07-02,,,
2024-07-03,112.81522630455001,,
2024-07-04,,,
2024-07-05,,,
2024-07-06,,,
2024-07-07,,,
2024-07-08,,,
2024-07-09,,,
2024-07-10,,,
2024-07-11,,,
2024-07-12,,,
2024-07-13,,,
2024-07-14,,,
2024-07-15,,,
2024-07-16,,,
2024-07-17,,,
2024-07-18,112.79209309368,,
2024-07-19,,,
2024-07-20,,,
2024-07-21,112.88780108375,,
2024-07-22,,,
2024-07-23,,,
2024-07-24,,,
2024-07-25,,,
2024-07-26,111.1029151078,,
2024-07-27,,,
2024-07-28,,,
2024-07-29,,,
2024-07-30,,,
2024-07-31,,,
2024-08-01,,,
2024-08-02,,,
2024-08-03,,,
2024-08-04,,,
2024-08-05,,,
2024-08-06,,,
2024-08-07,,,
2024-08-08,,,
2024-08-09,,,
2024-08-10,,,
2024-08-11,,,
2024-08-12,,,
2024-08-13,111.05120557762,,
2024-08-14,,,
2024-08-15,,,
2024-08-16,,,
2024-08-17,,,
2024-08-18,,,
2024-08-19,,,
2024-08-20,,,
2024-08-21,,,
2024-08-22,,,
2024-08-23,,,
2024-08-24,110.78403967169001,,
2024-08-25,,,
2024-08-26,,,
2024-08-27,112.00919266306,,
2024-08-28,,,
2024-08-29,,,
2024-08-30,109.20599181646001,,
2024-08-31,,,
2024-09-01,,,
2024-09-02,,,
2024-09-03,,,
2024-09-04,,,
2024-09-05,,,
2024-09-06,,,
2024-09-07,,,
2024-09-08,,,
2024-09-09,,,
2024-09-10,,,
2024-09-11,,,
2024-09-12,,,
2024-09-13,108.31286843993,,
2024-09-14,,,
2024-09-15,108.24392239969,,
2024-09-16,,,
2024-09-17,,,
2024-09-18,,,
2024-09-19,,,
2024-09-20,,,
2024-09-21,,,
2024-09-22,107.51817460769001,,
2024-09-23,,,
2024-09-24,,,
2024-09-25,,,
2024-09-26,,,
2024-09-27,,,
2024-09-28,,,
2024-09-29,,,
2024-09-30,,,
2024-10-01,,,
2024-10-02,,,
2024-10-03,,,
2024-10-04,,,
2024-10-05,,,
2024-10-06,,,
2024-10-07,,,
2024-10-08,,,
2024-10-09,,,
2024-10-10,,,
2024-10-11,,,
2024-10-12,,,
2024-10-13,,,
2024-10-14,,,
2024-10-15,,,
2024-10-16,,,
2024-10-17,,,
2024-10-18,,,
2024-10-19,,,
2024-10-20,,,
2024-10-21,,,
2024-10-22,,,
2024-10-23,,,
2024-10-24,,,
2024-10-25,,,
2024-10-26,,,
2024-10-27,,,
2024-10-28,,,
2024-10-29,,,
2024-10-30,,,
2024-10-31,,,
2024-11-01,,,
2024-11-02,,,
2024-11-03,,,
2024-11-04,,,
2024-11-05,,,
2024-11-06,,,
2024-11-07,,,
2024-11-08,,,
2024-11-09,,,
2024-11-10,,,
2024-11-11,,,
2024-11-12,,,
2024-11-13,,,
2024-11-14,,,
2024-11-15,,,
2024-11-16,,,
2024-11-17,,,
2024-11-18,,,
2024-11-19,,,
2024-11-20,,,
2024-11-21,,,
2024-11-22,,,
2024-11-23,,,
2024-11-24,,,
2024-11-25,113.01480694735001,,
2024-11-26,,,
2024-11-27,,,
2024-11-28,,,
2024-11-29,,,
2024-11-30,113.64711471113002,,
2024-12-01,,,
2024-12-02,,,
2024-12-03,,,
2024-12-04,,,
2024-12-05,,,
2024-12-06,,,
2024-12-07,,,
2024-12-08,,,
2024-12-09,,,
2024-12-10,,,
2024-12-11,,,
2024-12-12,,,
2024-12-13,,,
2024-12-14,,,
2024-12-15,,,
2024-12-16,111.9420609923,,
2024-12-17,,,
2024-12-18,,,
2024-12-19,,,
2024-12-20,,,
2024-12-21,,,
2024-12-22,,,
2024-12-23,,,
2024-12-24,,,
2024-12-25,,,
2024-12-26,,,
2024-12-27,,,
2024-12-28,,,
2024-12-29,,,
2024-12-30,,,
2024-12-31,107.23014345274,,
2025-01-01,,,
2025-01-02,,,
2025-01-03,,,
2025-01-04,,,
2025-01-05,,,
2025-01-06,,,
2025-01-07,,,
2025-01-08,111.80008658049,,
2025-01-09,,,
2025-01-10,,,
2025-01-11,,,
2025-01-12,,,
2025-01-13,,,
2025-01-14,,,
2025-01-15,,,
2025-01-16,,,
2025-01-17,,,
2025-01-18,,,
2025-01-19,,,
2025-01-20,,,
2025-01-21,,,
2025-01-22,,,
2025-01-23,,,
2025-01-24,,,
2025-01-25,,,
2025-01-26,,,
2025-01-27,,,
2025-01-28,,,
2025-01-29,,,
2025-01-30,,,
2025-01-31,,,
2025-02-01,,,
2025-02-02,,,
2025-02-03,,,
2025-02-04,,,
2025-02-05,,,
2025-02-06,,,
2025-02-07,,,
2025-02-08,,,
2025-02-09,114.13381932414,,
2025-02-10,,,
2025-02-11,,,
2025-02-12,,,
2025-02-13,,,
2025-02-14,,,
2025-02-15,,,
2025-02-16,,,
2025-02-17,,,
2025-02-18,,,
2025-02-19,,,
2025-02-20,,,
2025-02-21,,,
2025-02-22,,,
2025-02-23,,,
2025-02-24,,,
2025-02-25,,,
2025-02-26,,,
2025-02-27,,,
2025-02-28,114.97614035523002,,
2025-03-01,,,
2025-03-02,,,
2025-03-03,,,
2025-03-04,,,
2025-03-05,,,
2025-03-06,,,
2025-03-07,,,
2025-03-08,,,
2025-03-09,,,
2025-03-10,,,
2025-03-11,,,
2025-03-12,,,
2025-03-13,,,
2025-03-14,,,
2025-03-15,,,
2025-03-16,,,
2025-03-17,,,
2025-03-18,,,
2025-03-19,,,
2025-03-20,,,
2025-03-21,,,
2025-03-22,,,
2025-03-23,,,
2025-03-24,,,
2025-03-25,,,
2025-03-26,,,
2025-03-27,,,
2025-03-28,,,
2025-03-29,,,
2025-03-30,,,
2025-03-31,,,
2025-04-01,,,
2025-04-02,,,
2025-04-03,,,
2025-04-04,,,
2025-04-05,,,
2025-04-06,,,
2025-04-07,,,
2025-04-08,,,
2025-04-09,,,
2025-04-10,,,
2025-04-11,,,
2025-04-12,,,
2025-04-13,,,
2025-04-14,,,
2025-04-15,,,
2025-04-16,,,
2025-04-17,,,
2025-04-18,,,
2025-04-19,,,
2025-04-20,,,
2025-04-21,,,
2025-04-22,117.05812933353002,,
2025-04-23,,,
2025-04-24,,,
2025-04-25,,,
2025-04-26,,,
2025-04-27,,,
2025-04-28,,,
2025-04-29,,,
2025-04-30,,,
2025-05-01,,,
2025-05-02,,,
2025-05-03,,,
2025-05-04,,,
2025-05-05,,,
2025-05-06,,,
2025-05-07,,,
2025-05-08,,,
2025-05-09,,,
2025-05-10,,,
2025-05-11,,,
2025-05-12,,,
2025-05-13,,,
2025-05-14,119.30885467347001,,
2025-05-15,,,
2025-05-16,,,
2025-05-17,,,
2025-05-18,,,
2025-05-19,,,
2025-05-20,,,
2025-05-21,,,
2025-05-22,,,
2025-05-23,,,
2025-05-24,,,
2025-05-25,,,
2025-05-26,,,
2025-05-27,,,
2025-05-28,,,
2025-05-29,,,
2025-05-30,,,
2025-05-31,,,
2025-06-01,,,
2025-06-02,118.43296780700001,,
2025-06-03,,,
2025-06-04,117.21507229355001,,
2025-06-05,,,
2025-06-06,,,
2025-06-07,,,
2025-06-08,,,
2025-06-09,116.78688109627001,,
2025-06-10,,,
2025-06-11,115.20202935549001,,
2025-06-12,,,
2025-06-13,114.58695810177001,,
2025-06-14,,,
2025-06-15,,,
2025-06-16,,,
2025-06-17,,,
2025-06-18,114.2508461556,,
2025-06-19,,,
2025-06-20,,,
2025-06-21,,,
2025-06-22,,,
2025-06-23,113.66117607460001,,
2025-06-24,,,
2025-06-25,,,
2025-06-26,,,
2025-06-27,,,
2025-06-28,,,
2025-06-29,,,
2025-06-30,,,
2025-07-01,,,
2025-07-02,112.46686736439001,,
2025-07-03,,,
2025-07-04,,,
2025-07-05,114.08619212529,,
2025-07-06,,,
2025-07-07,112.56302894683,,
2025-07-08,,,
2025-07-09,,,
2025-07-10,,,
2025-07-11,,,
2025-07-12,112.25322535812,,
2025-07-13,,,
2025-07-14,,,
2025-07-15,,,
2025-07-16,,,
2025-07-17,,,
2025-07-18,,,
2025-07-19,,,
2025-07-20,111.40999714229,,
2025-07-21,,,
2025-07-22,110.631179043,,
2025-07-23,110.71600081619,,
2025-07-24,,,
2025-07-25,110.69921789850001,,
2025-07-26,,,
2025-07-27,,,
2025-07-28,,,
2025-07-29,,,
2025-07-30,110.11499092594,,
2025-07-31,,,
2025-08-01,,,
2025-08-02,,,
2025-08-03,,,
2025-08-04,,,
2025-08-05,,,
2025-08-06,,,
2025-08-07,,,
2025-08-08,,,
2025-08-09,,,
2025-08-10,110.59217009918,,
2025-08-11,,,
2025-08-12,,,
2025-08-13,,,
2025-08-14,,,
2025-08-15,,,
2025-08-16,108.05205282718,,
2025-08-17,,,
2025-08-18,,,
2025-08-19,107.79395876865001,,
2025-08-20,107.63111910782001,,
2025-08-21,,,
2025-08-22,,,
2025-08-23,,,
2025-08-24,107.45421808352,,
2025-08-25,107.1611974125,,
2025-08-26,104.21012545328,,
2025-08-27,105.12093893224001,,
2025-08-28,,,
2025-08-29,,,
