table,id,flag,value,details
workouts,6f556babe5314a4ec0002b39ece8e7e4ed49c3e6,route_missing,,
workouts,d5c652756a2ee4cac100f33ad5579d2de54316a9,route_missing,,
workouts,357a88788db6acc14167698018576c0f4814e286,route_missing,,
workouts,d20f57d752151509f754bb627cf2c5c7a6e4d0b8,route_missing,,
workouts,33ea929060c6f2c01d4703ea2b4728f2d3a31357,route_missing,,
workouts,73b79a9eff4a81de52656cfb92977cf52033e7f6,route_missing,,
workouts,3513bc5538cd49a99a407e480761158ab5fe14f7,route_missing,,
workouts,1a071e9f0b76f5239fef88c9bd495db29adef9f9,route_missing,,
workouts,5f0dbe550fc82269bd016ff192505251ffca198b,route_missing,,
workouts,36e82e3ed2ba794b0cbd094f24c0c4db2e7e8346,route_missing,,
workouts,e935388afda4844f7d11dd2bc872d8676117ebb4,route_missing,,
workouts,5af82b71dc2d10027adc7be60c3610c955d9d47e,route_missing,,
workouts,ebb63838db8644d22ffa69079d041370f1e32fc2,route_missing,,
workouts,1915d270b45e910bf866b05898b0de8455753213,route_missing,,
workouts,60ca8bf3711b0eb0fd694349aa79b4a4566aec52,route_missing,,
workouts,e1a7a0ed97e188cb67c4b9e92fe405c6fc593e77,route_missing,,
workouts,4de180527d5daef5eafe34088594704792187036,route_missing,,
workouts,dd7fe0b7dbb109f8ade119ce89fbf6ade48f8869,route_missing,,
workouts,3f8090453c390656275f86f4e835cf80eb2148c4,route_missing,,
workouts,a25f558b78c2a5490f99298b73c6e56ce84dd195,route_missing,,
workouts,1452356f26c73dabe2aabfe1082ece9c091e69fe,route_missing,,
workouts,d9e27b2428261ca662dc3a6fb3f753219b05081f,route_missing,,
workouts,b39671b4222311cef47e6a387ed173fa6f105398,route_missing,,
workouts,3df6a06ef8edf26f963862530f46aaa46ff02776,route_missing,,
workouts,a3f7190fbb52a4ea7c8762c7e921c2cd80ed4278,route_missing,,
workouts,edfea7f06ddd1928b4a8901b92389db67a514edf,route_missing,,
workouts,f93f126711ec2ee03d32965b4dfaad640a59f88c,route_missing,,
workouts,a0306ad441b42c7effb0791636357d665d7bf665,route_missing,,
workouts,3d75eeb65c21c0ad1433643246affdb1c07d256d,route_missing,,
workouts,056c9d61ae8941736e9f5e9c328f036494ed7878,route_missing,,
workouts,5bb4033c307e6ac522471fec82a77d4a4ea0cacb,route_missing,,
workouts,acdbb5961c1929bd8804ad09bc5e990989001565,route_missing,,
workouts,9d1e5482c0ecb3f01aa007fa9beddefd12351df1,route_missing,,
workouts,ab1a6ad0ce44136925f9837a1bd377f7c7732ea9,route_missing,,
workouts,a96d52b8931ae0247852787f30a28a7df69877d3,route_missing,,
workouts,87bd5a7c6c15d638ecbab847881e8d2f3b707f17,route_missing,,
workouts,3672eced6506ab7ae91a6f25fe03d617c834b1bc,route_missing,,
workouts,b369404499baaab5bcd9e8112c13a7c4da85f2d1,route_missing,,
workouts,97a1bb5f79e5524eccfe551fe5f25e4ca4a1b6bd,route_missing,,
workouts,04c1b4631f09578842a154f96cf9ee54982dbd0d,route_missing,,
workouts,486aedea8e45661b2eebeffe11b9719a8bb894e6,route_missing,,
workouts,f3631cb4d56109866caf941fae0bf988d2999c1f,route_missing,,
workouts,a3bb47e645a699466b481e5dc291f19875fb1eb9,route_missing,,
workouts,c662641c35f763dfc7173d5f5474260162bf4aa2,route_missing,,
workouts,0116540bde8c9d03baa53b10a8c6f27a5f5868a8,route_missing,,
workouts,0e9c7ce915317fd7ed499a7b5f9ca917c29a8345,route_missing,,
workouts,539a6fc09f9c0b497167bc80695cbdfc5a3943e1,route_missing,,
workouts,eb930fde340e5859414c548df6f0a0ded5e672a0,route_missing,,
workouts,c8edc514d1285b779b73d1b2de4fccc2280401b0,route_missing,,
workouts,a3a286231f30f9ffef4e5a5642c3401c4259d25e,route_missing,,
workouts,ae9d90d3281955a982e2fbec4f846913d8724bb8,route_missing,,
workouts,635a5459fa4d20298cec0434c114003af623a65b,route_missing,,
workouts,445484bcc4e8aa33ad8ca54e089a961e00103317,route_missing,,
workouts,9949c7e8521f14c787672f9f9b6480e932939e1a,route_missing,,
workouts,fe0e245160bcc00fd1c4f9dc0b07046b028612b9,route_missing,,
workouts,39300108d1f08599da05644746369b4fb4cffc1e,route_missing,,
workouts,05809b1e9ebc37502005747df8205b383092f293,route_missing,,
workouts,371355eb8f531ff4f757017ab40da7c70afa9247,route_missing,,
workouts,fe63971f318cdec86e03a7f5ed142ccf0d806ba3,route_missing,,
workouts,ec3c711052d3883d5ef47d3b715a08cfee1d917e,route_missing,,
workouts,eaa2048d74f82acea05477578e74bf5dd9e7cbf9,route_missing,,
workouts,349cb89bcbb709b05f27863e930c8da5395e5862,route_missing,,
workouts,a63f1a50d79b40571996b1e89eb281d77531a3f5,route_missing,,
workouts,aa189e1940fc147d160372fd2ee44758c9366e33,route_missing,,
workouts,8b411c3adba938e32747a12017e6573b99c26326,route_missing,,
workouts,4865540ea54ad1586b78e9a5b70a93fcd031fb8e,route_missing,,
workouts,2ee7865945c3dfbee2402a34f03be946bd2f76c3,route_missing,,
workouts,ba58336562062cb21564e5fa81ecdb320bf9aa4c,route_missing,,
workouts,6f56e2d1e9421bd8273359d936e1ce04b59a23ec,route_missing,,
workouts,f7698df2e6301b625fbfe83ad0dfbe746d92b2be,route_missing,,
workouts,39fca931cdab0c3dee553ed41c792c78142a0b05,route_missing,,
workouts,ce9273a4679093319f4115927842300ce34893ca,route_missing,,
workouts,8c64af3f2ca767b9ecb37acc228e415ac2dd1416,route_missing,,
workouts,ec03af3275c060dd1a8d7fcded172c5911d88235,route_missing,,
workouts,9bd3a1b4d42f8de03dd86a85350bda27ca220937,route_missing,,
workouts,ee38486b0b1ee61fd608e53f4e5489d94000d371,route_missing,,
workouts,530dcdcb33edcde82fde459a2c2d46557ccdb944,route_missing,,
workouts,c9934716c34e18cbea0e6fc6781fec32e9da37c6,route_missing,,
workouts,53fe2443c7626d097d61f7707b10a266fed573a5,route_missing,,
workouts,f57eb5fb71d2aced0802bc8365ff43192d981504,route_missing,,
workouts,4efba57d242343b66da5486ee00c164f97f1f5be,route_missing,,
workouts,5173813f2d89e117361d25840960aaafec4ad9a2,route_missing,,
workouts,26adfc8579f0f0f2e2a4bd430c7ea2faeb8fb777,route_missing,,
workouts,05e3099a9a0b22fb3bfe2184820a5e2532125cb3,route_missing,,
workouts,5c517750f9e91ad97a9d73502eaa84729f2750ac,route_missing,,
workouts,c7084037398a14506427e591cd5eb78a8c5d6b4f,route_missing,,
routes,e1d65492acf06d398f25de7b3c076177e8b5905f,unmatched_route,,route_2020-11-16_2.27pm.gpx
routes,c8a08a8875cb0d21106fd30bc120923ce6d7469e,unmatched_route,,route_2022-03-08_3.24pm.gpx
routes,a0ce5a65f02326fad6f9774693a6724862470053,unmatched_route,,route_2022-03-27_2.03pm.gpx
routes,4aa2ace41de3a3d84add9db98ebcfc534d60d56c,unmatched_route,,route_2023-06-28_6.33pm.gpx
routes,5854ebb0ee34784054761823384d7ec025a1cc38,unmatched_route,,route_2023-07-09_9.29pm.gpx
routes,c8aa09570d1e0c863b54d57e410be5a9151e5559,unmatched_route,,route_2023-07-11_6.06pm.gpx
routes,10c492f68efd4606fe9c5a96960c30a469b0bdb3,unmatched_route,,route_2023-07-16_7.17pm.gpx
routes,704535bdc2bb542347a505cda5dbd1b0e7235838,unmatched_route,,route_2023-08-12_3.48pm.gpx
routes,fa3233c34388cb2e876109177c8571ffd9e3690a,unmatched_route,,route_2023-08-19_4.20pm.gpx
routes,11701fec509a1c62dc7a6143f19774290343e3d5,unmatched_route,,route_2024-02-19_12.12pm.gpx
routes,f17573b3fd423b26a2521874d8d37780818acba4,unmatched_route,,route_2024-03-16_2.50pm.gpx
routes,eb10fb4f7d0f50c6858f89083d22534ee85884e2,unmatched_route,,route_2024-06-20_6.37pm.gpx
routes,e208fd19beafaa8f648fad185d06696343cc3e51,unmatched_route,,route_2024-08-25_6.37pm.gpx
routes,bbbbd319d656e65de91ed7b1b95486b25b3d2201,unmatched_route,,route_2024-08-27_6.59pm.gpx
