route_id,file,start_utc,end_utc,start_lat,start_lon,end_lat,end_lon,points,distance_m,moving_time_sec,elev_gain_m,elev_loss_m
8ccf2fe2fe70ce8ef279bccd42366c16f15856bb,route_2020-10-30_8.23am.gpx,2020-10-30 13:58:30+00:00,2020-10-30 14:23:20+00:00,40.181674,-105.066374,40.189294,-105.066424,1492,2194.2923465537397,1360.0,0.0,-0.0
5ad59a6bcb583b14affaefe82ec9602f4867753f,route_2020-11-03_10.41am.gpx,2020-11-03 17:23:20+00:00,2020-11-03 17:41:49+00:00,40.181562,-105.072051,40.189268,-105.066481,1111,1662.1293178004826,1100.0,0.0,-0.0
659979298e37fc805f7b341ee28a7bea9ea7cd5c,route_2020-11-04_9.50am.gpx,2020-11-04 16:16:49+00:00,2020-11-04 16:50:39+00:00,40.18172,-105.066349,40.189308,-105.066374,2020,2150.192196651874,1521.0,0.0,-0.0
601ab9e2dbab74f16e163377c0b17ac3b4a251db,route_2020-11-06_11.59am.gpx,2020-11-06 18:37:29+00:00,2020-11-06 18:59:35+00:00,40.18151,-105.073341,40.1893,-105.066412,1299,1522.1549030036963,1020.0,0.0,-0.0
d9b58c6c37aff11f4fd20fe448ca5b1ff7e88154,route_2020-11-08_10.53am.gpx,2020-11-08 17:09:16+00:00,2020-11-08 17:53:11+00:00,40.186794,-105.062924,40.189297,-105.066304,2637,3075.187316070467,2140.0,0.0,-0.0
94e5951cd99ea53ae74961bffee8987797ecaf3f,route_2020-11-13_2.00pm.gpx,2020-11-13 20:42:32+00:00,2020-11-13 21:00:27+00:00,40.181508,-105.072658,40.189312,-105.06641,1076,1591.3273493313131,1054.0,0.0,-0.0
46c22d675a2dfcfa83d6a5efba65ad3b131a20c3,route_2020-11-15_2.01pm.gpx,2020-11-15 20:26:31+00:00,2020-11-15 21:01:54+00:00,40.189374,-105.066645,40.189354,-105.06647,2114,3698.0270720860563,2123.0,0.0,-0.0
e1d65492acf06d398f25de7b3c076177e8b5905f,route_2020-11-16_2.27pm.gpx,2020-11-16 21:15:08+00:00,2020-11-16 21:27:18+00:00,40.18899,-105.073171,40.189325,-105.066437,680,667.6055282662803,446.0,0.0,-0.0
7b8d4596ec7c6d9e798f4471c9c8d00417981523,route_2020-11-17_5.35pm.gpx,2020-11-17 23:55:40+00:00,2020-11-18 00:35:45+00:00,40.183501,-105.061355,40.189269,-105.066437,2388,2749.581922733307,1899.0,0.0,-0.0
44399db6ae2bbfd0ecc39b27487639d27d3a0c62,route_2020-11-18_5.20pm.gpx,2020-11-18 23:45:08+00:00,2020-11-19 00:20:14+00:00,40.183664,-105.061365,40.189312,-105.066503,2050,2830.335197291655,1866.0,0.0,-0.0
4270127d0f72a509df96b0f86da5bef5dca4b302,route_2020-11-19_12.43pm.gpx,2020-11-19 19:05:47+00:00,2020-11-19 19:43:59+00:00,40.188896,-105.066686,40.189283,-105.06641,2277,3642.678428198741,2257.0,0.0,-0.0
6f982954f02173532d8ccd33ce335a00ef917671,route_2020-11-20_11.54am.gpx,2020-11-20 18:25:58+00:00,2020-11-20 18:54:05+00:00,40.187962,-105.063658,40.189065,-105.066559,1689,3250.14705354569,1660.0,0.0,-0.0
69b7eaa71725d87266d3897188e8b8ff5d0fdd66,route_2020-12-01_2.50pm.gpx,2020-12-01 21:15:09+00:00,2020-12-01 21:50:12+00:00,40.182473,-105.061746,40.189332,-105.066448,2105,2645.778201797044,1723.0,0.0,-0.0
d6724c5b1357f18d61aca1b7e51577bbe499dfba,route_2020-12-03_4.49pm.gpx,2020-12-03 23:12:43+00:00,2020-12-03 23:49:50+00:00,40.187699,-105.063772,40.188974,-105.066871,2230,3216.4280281528654,2225.0,0.0,-0.0
f94f1e8bde96aca3cb5756fa822689d5b9c43515,route_2021-01-07_11.44am.gpx,2021-01-07 18:05:08+00:00,2021-01-07 18:44:35+00:00,40.189143,-105.066283,40.189299,-105.066419,2366,3625.3764606524214,2347.0,0.0,-0.0
27327abf02b333d5b2cdab0b1fee28bcd71d4620,route_2021-01-08_12.48pm.gpx,2021-01-08 19:13:10+00:00,2021-01-08 19:48:14+00:00,40.189102,-105.066206,40.189308,-105.066424,2105,3590.225720423637,2055.0,0.0,-0.0
751fb7364f4ad0f67c37f5e56cef61787de2f4e9,route_2021-01-12_12.50pm.gpx,2021-01-12 19:25:10+00:00,2021-01-12 19:50:11+00:00,40.186424,-105.062355,40.189125,-105.066613,1503,3041.0957884440118,1445.0,0.0,-0.0
7fef1ac22a7b0033c4f4b4f120c175097f2c4a1e,route_2021-01-13_12.41pm.gpx,2021-01-13 18:59:23+00:00,2021-01-13 19:41:13+00:00,40.188963,-105.065233,40.189335,-105.066425,2498,3562.9497862213057,2283.0,0.0,-0.0
e2bcd6f665668446f81f6717899f6fc4dfaaf128,route_2021-01-14_5.33pm.gpx,2021-01-14 23:52:26+00:00,2021-01-15 00:33:12+00:00,40.189351,-105.066325,40.189299,-105.066361,2308,3652.128045543078,2296.0,0.0,-0.0
d7a746a7c687431e424d0efcad7d0f957f4a26ab,route_2021-01-15_2.09pm.gpx,2021-01-15 20:36:21+00:00,2021-01-15 21:09:30+00:00,40.189351,-105.066426,40.18925,-105.066671,1971,3638.320182233708,1971.0,0.0,-0.0
97f4ef884990da4fb9665360d40f9e960c38a040,route_2021-01-19_3.41pm.gpx,2021-01-19 22:12:58+00:00,2021-01-19 22:41:07+00:00,40.189388,-105.066404,40.188997,-105.066923,1690,3596.8556154135686,1655.0,0.0,-0.0
c339a40326c24fcc8b01f12565e10b8f8252f232,route_2021-01-20_12.01pm.gpx,2021-01-20 18:21:51+00:00,2021-01-20 19:01:13+00:00,40.189433,-105.066389,40.18924,-105.066799,2364,3661.0484042933244,2362.0,0.0,-0.0
0ee19d18c139d2b98c2c4dcf7233f891ce834ec4,route_2021-01-22_11.33am.gpx,2021-01-22 17:53:01+00:00,2021-01-22 18:33:27+00:00,40.189355,-105.066471,40.189362,-105.066744,2416,3624.952983817604,2382.0,0.0,-0.0
59715d96a9fccdda64331d0332dbb2d1f0c5d538,route_2021-01-24_4.32pm.gpx,2021-01-24 23:06:27+00:00,2021-01-24 23:32:48+00:00,40.189322,-105.066355,40.189079,-105.066872,1582,3602.4901527381016,1559.0,0.0,-0.0
dda4e1c71b567680d50ccca1d088671e60acfed5,route_2021-02-01_12.31pm.gpx,2021-02-01 19:00:54+00:00,2021-02-01 19:31:30+00:00,40.189101,-105.066221,40.189085,-105.067143,1567,3573.6217519348083,1564.0,0.0,-0.0
d35a3059296fc13c3cd0e8a90e09f9f94dab7487,route_2021-02-02_2.13pm.gpx,2021-02-02 20:18:33+00:00,2021-02-02 21:13:06+00:00,40.188971,-105.066381,40.189247,-105.066606,3261,5166.725795004197,3250.0,0.0,-0.0
70f27845f6b5c8c32bc79c7235cf166b5eeb8925,route_2021-02-03_3.49pm.gpx,2021-02-03 21:59:02+00:00,2021-02-03 22:49:28+00:00,40.189214,-105.066579,40.189257,-105.066416,2995,2417.864165224721,1937.0,0.0,-0.0
4b5307d3e65ffcea9bf40875749d4afa649c630c,route_2021-02-21_2.12pm.gpx,2021-02-21 20:34:59+00:00,2021-02-21 21:12:19+00:00,40.189197,-105.066656,40.18913,-105.066592,2241,3622.5209800973093,2220.0,0.0,-0.0
ceabfa5d08d218bbf68f0f13b0da20e30fc29ead,route_2021-02-24_11.38am.gpx,2021-02-24 17:57:15+00:00,2021-02-24 18:38:40+00:00,40.189434,-105.06661,40.189323,-105.066726,2482,3669.0069167120337,2436.0,0.0,-0.0
c57533d5041cf1e7c235b58cdce9381dc8684b3b,route_2021-03-01_1.24pm.gpx,2021-03-01 19:59:33+00:00,2021-03-01 20:24:11+00:00,40.189302,-105.066663,40.189253,-105.066362,1473,1410.9096409970016,1154.0,0.0,-0.0
9040a800522e08ae7a5b6b2e4e109098ca3d8d38,route_2021-03-05_12.41pm.gpx,2021-03-05 19:01:51+00:00,2021-03-05 19:41:38+00:00,40.18913,-105.066658,40.189304,-105.066366,2374,3650.803986185466,2340.0,0.0,-0.0
dfe634184b2f0f6d56a0c328d70130e115c0120f,route_2021-03-06_1.45pm.gpx,2021-03-06 20:06:21+00:00,2021-03-06 20:45:23+00:00,40.189295,-105.066475,40.189435,-105.066562,2329,3711.5500857438806,2268.0,0.0,-0.0
71a1ce8c7998cd0137f08ea44dc8cacc91817c45,route_2021-03-08_3.47pm.gpx,2021-03-08 21:40:47+00:00,2021-03-08 22:47:33+00:00,40.189317,-105.066787,40.189357,-105.066385,3985,3810.5601896591957,3051.0,0.0,-0.0
eac628753522579600a4e99736e7ae78e7bdf4d8,route_2021-03-10_1.15pm.gpx,2021-03-10 19:36:43+00:00,2021-03-10 20:15:37+00:00,40.189393,-105.066652,40.189139,-105.066674,2330,3651.947596379887,2304.0,0.0,-0.0
f235e6c2bf800f637763458e8cdaf8c5c3c9ae84,route_2021-03-18_1.16pm.gpx,2021-03-18 18:34:12+00:00,2021-03-18 19:16:51+00:00,40.189412,-105.06663,40.189272,-105.066409,2560,3696.9150728561963,2537.0,0.0,-0.0
4cfc91405df3486f53f606d2bf0e22b7c2fd8df1,route_2021-03-23_3.25pm.gpx,2021-03-23 20:33:54+00:00,2021-03-23 21:25:54+00:00,40.189226,-105.066589,40.189336,-105.066459,3114,3765.451937050958,2553.0,0.0,-0.0
e859db302dccf889e2001a0d6cb1a0f1fff6168b,route_2021-03-27_2.14pm.gpx,2021-03-27 19:20:17+00:00,2021-03-27 20:14:25+00:00,40.189376,-105.06666,40.189258,-105.066448,3202,4296.173436535468,2797.0,0.0,7.467041000000108
2e14df9df73ea7957f9ea6c33937472607177824,route_2021-03-30_2.19pm.gpx,2021-03-30 19:42:17+00:00,2021-03-30 20:19:16+00:00,40.189126,-105.064842,40.189331,-105.066301,2211,3531.304523837393,2211.0,0.0,-0.0
418922f86c0b31b0f030a8d7e21a2d3bd55b309c,route_2021-04-06_11.11am.gpx,2021-04-06 16:29:30+00:00,2021-04-06 17:11:50+00:00,40.189368,-105.066622,40.189274,-105.066538,2541,3649.885097833197,2523.0,0.0,-0.0
36e308c87d166a4426ab9ef5327e6c9fdeb77ec2,route_2021-04-07_4.40pm.gpx,2021-04-07 21:59:19+00:00,2021-04-07 22:40:33+00:00,40.189316,-105.067057,40.189383,-105.066447,2475,3684.426570329123,2449.0,0.0,-0.0
21b88e9e2afe73cb9bb98ce8c35b1ddccf606a68,route_2021-04-08_5.16pm.gpx,2021-04-08 22:38:21+00:00,2021-04-08 23:16:42+00:00,40.189186,-105.066957,40.189346,-105.066394,2297,3615.3253815687876,2244.0,0.0,-0.0
3ac1cf2eb34a1563bd9ec388c8f06466e2c11621,route_2021-04-10_12.03pm.gpx,2021-04-10 17:14:40+00:00,2021-04-10 18:03:55+00:00,40.189273,-105.066322,40.189332,-105.066428,2951,3709.765973514787,2632.0,0.0,-0.0
e6292672755458087cd3d73406c5ad0728d3f6db,route_2021-04-11_3.15pm.gpx,2021-04-11 20:33:34+00:00,2021-04-11 21:15:46+00:00,40.189304,-105.066816,40.189313,-105.06644,2533,3726.1905796796004,2416.0,0.0,-0.0
2a0e35797e200cbc6e8ea9fc658c8448f864998e,route_2021-04-12_3.21pm.gpx,2021-04-12 20:36:57+00:00,2021-04-12 21:21:19+00:00,40.18929,-105.066603,40.183954,-105.063958,2558,2700.1191985642827,2003.0,0.0,-0.0
50653d53b2b2f133cb4e6764161761fe956ad689,route_2021-04-23_4.37pm.gpx,2021-04-23 22:20:59+00:00,2021-04-23 22:37:35+00:00,40.18494,-105.074369,40.181834,-105.07605,990,459.05219558578045,302.0,0.0,-0.0
829ee9afacb483838c0a7bc8ab43ac1db1db7df1,route_2021-04-26_11.06am.gpx,2021-04-26 16:28:59+00:00,2021-04-26 17:06:14+00:00,40.189301,-105.066384,40.189297,-105.066565,2209,3629.245037349261,2220.0,0.0,-0.0
ea82bd21f6721c4be004a76c8b4a238887392266,route_2021-10-14_9.11pm.gpx,2021-10-15 03:06:24+00:00,2021-10-15 03:11:57+00:00,40.172498,-105.124551,40.172654,-105.124673,334,170.20361301717358,125.0,0.0,-0.0
1f9fa398bfc13815fef3264fc8692edc0d89b8e9,route_2021-10-16_10.33pm.gpx,2021-10-17 04:05:35+00:00,2021-10-17 04:33:17+00:00,40.170031,-105.124427,40.172613,-105.124728,1654,547.7270915799705,468.0,0.0,-0.0
ea83e5abc4433513058a959805cde1b4b33bffc5,route_2022-02-07_12.32pm.gpx,2022-02-07 18:29:02+00:00,2022-02-07 19:32:49+00:00,40.171781,-105.123915,40.172601,-105.124883,3802,4342.0652874558755,3220.0,0.0,-0.0
43d93ff3eebf7d6f7472642fdd8743f96fbcc360,route_2022-02-08_12.08pm.gpx,2022-02-08 18:16:07+00:00,2022-02-08 19:08:16+00:00,40.172405,-105.124414,40.172475,-105.124469,3130,4254.6026558322355,3051.0,0.0,-0.0
2724c7634195cfb0ec46e5f7331e582a9e56fa6a,route_2022-02-13_12.48pm.gpx,2022-02-13 18:44:55+00:00,2022-02-13 19:48:11+00:00,40.172321,-105.124444,40.171904,-105.124129,3797,6115.478903473351,3626.0,0.0,-0.0
b3019e69a379d351fc89118eaf9a7050ebce04ce,route_2022-02-14_12.27pm.gpx,2022-02-14 18:53:09+00:00,2022-02-14 19:27:35+00:00,40.166918,-105.121209,40.150228,-105.130604,2067,5752.323703690219,1727.0,0.0,-0.0
aecff9a723e9e1050c255558312e5686d957a5de,route_2022-02-15_12.59pm.gpx,2022-02-15 19:03:46+00:00,2022-02-15 19:59:29+00:00,40.164388,-105.121159,40.172385,-105.124819,3345,5068.755780862057,3271.0,0.0,-0.0
df048c4cc1f3bffa30f89fb3b6d5e45aece959b0,route_2022-02-18_12.21pm.gpx,2022-02-18 18:05:41+00:00,2022-02-18 19:21:44+00:00,40.164124,-105.121168,40.172649,-105.124361,4565,5291.1277780730325,3502.0,0.0,-0.0
81df6dfce1d84b0cea574aae96ed01e89c70db6d,route_2022-02-21_2.45pm.gpx,2022-02-21 20:43:47+00:00,2022-02-21 21:45:36+00:00,40.172005,-105.124376,40.172272,-105.124457,3696,6201.236421802869,3655.0,0.0,-0.0
04a7ebb2eef2100dc4086866871a95f80dc8fde3,route_2022-02-26_12.07pm.gpx,2022-02-26 18:15:23+00:00,2022-02-26 19:07:18+00:00,40.162399,-105.121155,40.172279,-105.124483,3117,4790.930167379537,3013.0,0.0,-0.0
54b067eaefe11026e671e310542fdb68ff071d5d,route_2022-02-27_2.41pm.gpx,2022-02-27 20:35:40+00:00,2022-02-27 21:41:29+00:00,40.171825,-105.123869,40.172251,-105.12447,3949,6152.900625053237,3874.0,0.0,-0.0
08fddff8757003df6629104724b0657be0be1b2b,route_2022-02-28_4.02pm.gpx,2022-02-28 22:06:54+00:00,2022-02-28 23:02:44+00:00,40.17273,-105.124467,40.171974,-105.124457,3193,4230.07923007313,3117.0,9.661620999999968,-0.0
695619ada084e04cf1bce18c6c1158a780f0099b,route_2022-03-01_5.28pm.gpx,2022-03-01 23:28:16+00:00,2022-03-02 00:28:11+00:00,40.172469,-105.124432,40.170685,-105.123953,3579,5980.7989978018395,3564.0,0.0,-0.0
913197805d0f833e55e522be4f1fd6dea5b0a538,route_2022-03-02_11.07am.gpx,2022-03-02 17:13:38+00:00,2022-03-02 18:07:09+00:00,40.169981,-105.123697,40.172571,-105.12483,3212,3970.6626318537246,2819.0,0.0,-0.0
2bcc30852b9f0e0a76077ab1d6db8b04245dd083,route_2022-03-03_3.58pm.gpx,2022-03-03 22:05:45+00:00,2022-03-03 22:58:10+00:00,40.172367,-105.124718,40.171587,-105.12395,3141,6080.408255942336,3019.0,0.0,-0.0
43bb9a7bfbcf2db8a69bcb9d91a04aebdc299c3e,route_2022-03-07_11.24am.gpx,2022-03-07 17:23:34+00:00,2022-03-07 18:24:49+00:00,40.172346,-105.124746,40.171018,-105.123645,3677,6008.009505036063,3667.0,0.0,-0.0
57fe1164506a3d271158e5c40fa898cc0c6cd9f6,route_2022-03-08_2.59pm.gpx,2022-03-08 21:55:58+00:00,2022-03-08 21:59:23+00:00,40.17232,-105.124393,40.171927,-105.124347,206,249.46676940206586,174.0,0.0,-0.0
c8a08a8875cb0d21106fd30bc120923ce6d7469e,route_2022-03-08_3.24pm.gpx,2022-03-08 21:59:36+00:00,2022-03-08 22:24:29+00:00,40.171873,-105.124185,40.165697,-105.129623,1494,2684.3344647038616,1493.0,0.0,-0.0
50561636397d43b8197401dfeae5e8e1b0fe871b,route_2022-03-11_2.45pm.gpx,2022-03-11 20:39:02+00:00,2022-03-11 21:45:15+00:00,40.171864,-105.124198,40.172617,-105.124796,3959,6215.4469611515015,3800.0,0.0,-0.0
15bba6aa42d072aac20e8eac327a04ccb579f08c,route_2022-03-12_12.23pm.gpx,2022-03-12 18:12:26+00:00,2022-03-12 19:23:14+00:00,40.171823,-105.124062,40.172584,-105.124798,4249,6126.7018994274695,3993.0,0.0,-0.0
c9144de48c29cc78547e8991d7e60a68e712476e,route_2022-03-13_2.53pm.gpx,2022-03-13 19:43:30+00:00,2022-03-13 20:53:51+00:00,40.172295,-105.124636,40.17271,-105.124686,4204,6288.768995296461,4133.0,0.0,-0.0
b1a643ade589a3c9eb15eadbf7488cf43beaa209,route_2022-03-14_11.25am.gpx,2022-03-14 16:03:31+00:00,2022-03-14 17:25:48+00:00,40.172621,-105.124558,40.172677,-105.124745,4927,4418.878205782074,2865.0,0.0,-0.0
02266d472c7b547a9c8b560922c7869ffe4f3258,route_2022-03-26_12.57pm.gpx,2022-03-26 17:46:37+00:00,2022-03-26 18:57:18+00:00,40.172218,-105.124285,40.172551,-105.124776,4242,6239.355815265479,4193.0,0.0,-0.0
fcceb200df1341433edff5a6f7d8f643085452f3,route_2022-03-27_12.53pm.gpx,2022-03-27 18:39:47+00:00,2022-03-27 18:53:44+00:00,40.172607,-105.124556,40.172395,-105.124456,839,515.5428732723624,374.0,0.0,-0.0
a0ce5a65f02326fad6f9774693a6724862470053,route_2022-03-27_2.03pm.gpx,2022-03-27 18:53:58+00:00,2022-03-27 20:03:58+00:00,40.172353,-105.124452,40.172633,-105.124787,4199,6284.582917744736,4085.0,0.0,-0.0
6bf70fe7932bbc4751e75da959f609c3c45f421e,route_2022-03-28_3.52pm.gpx,2022-03-28 21:03:23+00:00,2022-03-28 21:52:48+00:00,40.171476,-105.123782,40.17259,-105.124824,2967,4126.450552316522,2837.0,0.0,-0.0
889567182da2e3bff9cca5b501bd8b5f9605123c,route_2022-03-29_1.12pm.gpx,2022-03-29 18:17:22+00:00,2022-03-29 19:12:12+00:00,40.172591,-105.124463,40.172579,-105.124686,3283,4381.353085238296,2829.0,0.0,-0.0
53709334c1427e2825978c8f3f63e265b8613161,route_2022-03-30_1.30pm.gpx,2022-03-30 18:31:45+00:00,2022-03-30 19:30:33+00:00,40.172325,-105.124461,40.1726,-105.124826,3516,4306.389340563055,2748.0,0.0,-0.0
52e1100fdfcba9e463119f8389166c5270f71709,route_2022-03-31_11.10am.gpx,2022-03-31 16:20:44+00:00,2022-03-31 17:10:58+00:00,40.162935,-105.127725,40.172601,-105.124866,3015,4022.213273340395,2487.0,0.0,-0.0
fa16f525d43f584796ff7369fc95dea2f581304d,route_2022-04-01_2.32pm.gpx,2022-04-01 19:21:19+00:00,2022-04-01 20:32:39+00:00,40.172062,-105.12434,40.172593,-105.124775,4282,4320.82261381744,3327.0,0.0,-0.0
9d027d0dd8610898eb4bbe76416783acafd9da7a,route_2022-04-04_12.41pm.gpx,2022-04-04 17:51:49+00:00,2022-04-04 18:41:55+00:00,40.162812,-105.12111,40.172576,-105.124764,3007,4934.737341345759,2840.0,0.0,-0.0
b46d01a94bc8a75dd3109ae01c8e7bb1f55a246a,route_2022-04-05_12.28pm.gpx,2022-04-05 17:36:50+00:00,2022-04-05 18:28:03+00:00,40.172572,-105.124463,40.172646,-105.124751,3024,4297.831142331606,2870.0,0.0,-0.0
1d4a99f1b85bc8e7dcebcc7546d55d7afb429abb,route_2022-04-06_11.38am.gpx,2022-04-06 16:29:10+00:00,2022-04-06 17:38:54+00:00,40.172629,-105.12471,40.17258,-105.12483,4185,6407.236414388299,3794.0,0.0,-0.0
165874b9c61da4578ceb45677f255f772360124d,route_2022-04-07_11.22am.gpx,2022-04-07 16:21:56+00:00,2022-04-07 17:22:29+00:00,40.172237,-105.124343,40.171977,-105.124463,3634,6218.987396400601,3557.0,0.0,-0.0
ae9908d38351ea1bb92bb1287b01824d8996da67,route_2022-04-08_11.19am.gpx,2022-04-08 16:06:57+00:00,2022-04-08 17:19:48+00:00,40.172145,-105.124329,40.172571,-105.124815,4353,6373.194216776608,4041.0,0.0,-0.0
a769fac6bfc0023f0a7bd922bcb2d99f7c78c94d,route_2022-04-10_2.02pm.gpx,2022-04-10 18:57:34+00:00,2022-04-10 20:02:56+00:00,40.164068,-105.121187,40.172597,-105.12472,3898,5241.250739724251,3349.0,0.0,-0.0
72582a4f65d9dd13c2514c07598c4f59808aa4bb,route_2022-04-11_9.43am.gpx,2022-04-11 14:47:22+00:00,2022-04-11 15:43:34+00:00,40.172313,-105.124483,40.172542,-105.124626,3362,4339.257910665098,2882.0,0.0,-0.0
3d0cfc9ed1ce97e94904690ef8027ff017f01a85,route_2022-04-12_10.04am.gpx,2022-04-12 14:54:55+00:00,2022-04-12 16:04:38+00:00,40.172287,-105.12454,40.172559,-105.124463,4111,6372.988375760454,3778.0,0.0,74.65417500000012
e0f7435f0afab27825858eba60110e549c809461,route_2022-04-13_9.55am.gpx,2022-04-13 15:00:24+00:00,2022-04-13 15:55:14+00:00,40.171126,-105.123634,40.172269,-105.124497,3291,4450.427529099925,3188.0,0.0,-0.0
58be06dea8a686a27bc2bd0dcd807a723d4ed147,route_2022-04-14_10.58am.gpx,2022-04-14 16:06:19+00:00,2022-04-14 16:58:53+00:00,40.171854,-105.124076,40.171932,-105.124286,3155,6080.857393211501,3125.0,0.0,-0.0
4e3479db25d7c8387ff2fb975a1f965783b22311,route_2022-04-15_12.33pm.gpx,2022-04-15 16:35:54+00:00,2022-04-15 18:33:29+00:00,40.172513,-105.124878,40.172177,-105.124438,2968,5130.659077756378,4582.0,0.0,6.424438000000009
a4c5a52a0b332662367cc02ba604308abd230c52,route_2022-04-17_1.03pm.gpx,2022-04-17 17:48:01+00:00,2022-04-17 19:03:30+00:00,40.170869,-105.12367,40.17257,-105.124561,4530,5988.608339628712,4397.0,0.0,-0.0
2a0f73c080a8c8a52688042d46bca4c600bede93,route_2022-04-18_1.41pm.gpx,2022-04-18 18:57:32+00:00,2022-04-18 19:41:17+00:00,40.172198,-105.124366,40.171838,-105.124139,2626,6068.38054541354,2602.0,0.0,-0.0
6fe3f81ad6abc045a28f598d20a2f43903a4355d,route_2022-04-19_1.46pm.gpx,2022-04-19 18:36:08+00:00,2022-04-19 19:46:53+00:00,40.172023,-105.12434,40.17267,-105.124646,4246,6373.195775311753,4002.0,0.0,-0.0
eae1d89e79fd1e20d54f6a125e333342f0d093f1,route_2022-04-20_12.18pm.gpx,2022-04-20 18:15:57+00:00,2022-04-20 18:18:03+00:00,40.172008,-105.124321,40.170767,-105.123934,128,175.85886958069005,126.0,0.0,-0.0
4702978e6d7b4297a08f54da7c828bb6f405e71f,route_2022-04-20_5.22pm.gpx,2022-04-20 22:12:36+00:00,2022-04-20 23:22:03+00:00,40.172298,-105.124401,40.172438,-105.124965,4165,6392.1858924370945,4089.0,0.0,-0.0
d2b87fa64257c05aeecd387e26036e4eb17b4594,route_2022-04-21_3.00pm.gpx,2022-04-21 20:23:39+00:00,2022-04-21 21:00:16+00:00,40.169919,-105.123557,40.166611,-105.109157,2198,2260.3378417215717,1611.0,0.0,-0.0
f50cb131a456258ce49d9b4bcc349ab75f2728f2,route_2022-04-23_8.06pm.gpx,2022-04-24 00:51:18+00:00,2022-04-24 02:06:33+00:00,40.172023,-105.12438,40.172229,-105.124516,4511,5959.100153969436,3914.0,0.0,-0.0
2c8666a6579f6dae2f222d3e29d33bf404fa99a8,route_2022-04-24_2.39pm.gpx,2022-04-24 19:35:00+00:00,2022-04-24 20:39:52+00:00,40.172226,-105.124379,40.17244,-105.124954,3883,6283.153875020598,3822.0,0.0,-0.0
e16f9d2a6e647beef0c21a9a47dacf7235229bea,route_2022-04-25_5.47pm.gpx,2022-04-25 22:35:47+00:00,2022-04-25 23:47:21+00:00,40.172069,-105.124361,40.172595,-105.124715,4286,6404.28844027657,4077.0,0.0,-0.0
0c4779a785335d73a45b9e58c0a7028ba549aed3,route_2022-04-26_3.54pm.gpx,2022-04-26 20:41:53+00:00,2022-04-26 21:54:44+00:00,40.171983,-105.124376,40.172723,-105.124981,4366,6398.162404630591,4078.0,0.0,-0.0
9fe54468e99436806a490ce225ed95ad62b4bcb3,route_2022-04-27_7.37pm.gpx,2022-04-28 01:31:51+00:00,2022-04-28 01:37:55+00:00,28.369953,-81.555902,28.367751,-81.555545,366,365.1369462938262,332.0,0.0,-0.0
e0ddcd453d2cd104e50afbd49bb8c91dbeede545,route_2022-04-29_7.45pm.gpx,2022-04-30 01:36:30+00:00,2022-04-30 01:45:56+00:00,28.367187,-81.55759,28.365376,-81.558992,457,568.5111232818479,485.0,3.079777,-0.0
dc60b860e41d7907ab177303bbbb0b78a819ed96,route_2022-05-03_4.51pm.gpx,2022-05-03 21:33:01+00:00,2022-05-03 22:51:32+00:00,40.172204,-105.124358,40.172543,-105.124827,4707,6337.1830644871525,4059.0,0.0,-0.0
ef13802f8cd666b7f64389e75b5a844af22f6226,route_2022-05-04_6.30pm.gpx,2022-05-04 23:28:08+00:00,2022-05-05 00:30:44+00:00,40.171877,-105.124273,40.17102,-105.103175,3721,5790.381209652596,3642.0,0.0,-0.0
848540c6e37553d86d8f544edcea2ced36ce545b,route_2022-05-04_7.53pm.gpx,2022-05-05 01:40:01+00:00,2022-05-05 01:53:45+00:00,40.170526,-105.113421,40.172579,-105.12494,826,1256.9935721347113,820.0,0.0,-0.0
4b2285f1df9b96180ae5ed64846a9683bf6d42ba,route_2022-05-05_4.06pm.gpx,2022-05-05 21:32:06+00:00,2022-05-05 22:06:09+00:00,40.164431,-105.12116,40.172521,-105.124758,2044,3007.3139664220853,1975.0,0.0,-0.0
76fa3d17fb5666a79cdada9478a691b1de475e2c,route_2022-05-06_4.03pm.gpx,2022-05-06 21:29:06+00:00,2022-05-06 22:03:51+00:00,40.170429,-105.117852,40.162281,-105.100184,2087,2373.643875758296,1546.0,0.0,-0.0
5030482681fbeda15630e87a343867b606dc8d19,route_2022-05-14_6.29pm.gpx,2022-05-14 23:14:25+00:00,2022-05-15 00:29:52+00:00,40.164455,-105.121182,40.172916,-105.124755,4520,5449.110877810759,3610.0,0.0,-0.0
bd8300ad4793cae9e99368646dddd10802b60735,route_2022-05-16_8.32am.gpx,2022-05-16 13:39:15+00:00,2022-05-16 14:32:07+00:00,40.165422,-105.121165,40.172666,-105.124925,3173,5126.516852244749,3126.0,0.0,-0.0
8f154d18f6f5dc8407db237ec20cd81016821f55,route_2022-05-19_12.14pm.gpx,2022-05-19 17:15:34+00:00,2022-05-19 18:14:22+00:00,40.163894,-105.121198,40.172581,-105.124786,3529,5056.628391171291,3438.0,0.0,-0.0
90a7057736847bbc3d303f5499559637ccaf1eb9,route_2022-05-22_4.19pm.gpx,2022-05-22 21:32:26+00:00,2022-05-22 22:19:29+00:00,40.167572,-105.121132,40.172608,-105.124558,2824,3513.7857942322407,2356.0,0.0,-0.0
ccbf6e12feb1672382e0f810c55377a6c2746520,route_2022-05-23_2.10pm.gpx,2022-05-23 19:13:59+00:00,2022-05-23 20:10:10+00:00,40.165087,-105.1212,40.172602,-105.124789,3373,5121.629118719589,3287.0,0.0,-0.0
fb3b7916a2b8aeb14104dea93aa0e2e295554ee8,route_2022-05-24_7.35am.gpx,2022-05-24 12:38:00+00:00,2022-05-24 13:35:24+00:00,40.164222,-105.121246,40.172665,-105.124768,3433,5043.027872868644,3295.0,0.0,-0.0
bafba8aa984f98716b49b2a034aa459315f17eb8,route_2022-05-25_8.30pm.gpx,2022-05-26 01:38:34+00:00,2022-05-26 02:30:55+00:00,40.16251,-105.124314,40.172524,-105.124728,3143,4280.124959764888,3022.0,0.0,-0.0
6e7cfb9f89b72c33e5637a9b31a37db3c7abc53a,route_2022-05-26_4.15pm.gpx,2022-05-26 21:17:22+00:00,2022-05-26 22:15:45+00:00,40.164429,-105.121163,40.172698,-105.124838,3488,4933.540423705917,3164.0,0.0,-0.0
845df1f37254c4c38db586a3c7b55a99b351f451,route_2022-06-02_2.43pm.gpx,2022-06-02 20:08:50+00:00,2022-06-02 20:43:09+00:00,40.163837,-105.121164,40.172671,-105.124785,2061,2982.189228891984,1987.0,0.0,-0.0
fd15b5823543d051dc44cd46fc333baeb7a875dd,route_2022-06-24_2.41pm.gpx,2022-06-24 18:23:41+00:00,2022-06-24 20:41:25+00:00,40.163837,-105.121189,40.172561,-105.124827,8258,11428.380636018348,7341.0,0.0,-0.0
7e9b41db1083ac7df9111a04698fc1422592f26d,route_2022-06-26_4.36pm.gpx,2022-06-26 21:47:47+00:00,2022-06-26 22:36:25+00:00,40.165747,-105.12995,40.172559,-105.124838,2902,3476.677524333163,2379.0,0.0,-0.0
e9874ba54780077595a394dcc4e7a8bb898801b6,route_2022-06-27_1.19pm.gpx,2022-06-27 18:45:15+00:00,2022-06-27 19:19:19+00:00,40.162831,-105.12539,40.172612,-105.124859,2046,2149.845180049886,1447.0,0.0,-0.0
e75615a58864822c050ffdd906778b756c15d110,route_2022-08-19_2.06pm.gpx,2022-08-19 19:12:32+00:00,2022-08-19 20:06:58+00:00,40.172335,-105.124621,40.17258,-105.124825,3266,4377.441924418616,2923.0,0.0,-0.0
040c6a4e3c75bd73ab061ac4c42a6458d88a25f8,route_2022-08-20_3.48pm.gpx,2022-08-20 21:28:12+00:00,2022-08-20 21:48:27+00:00,40.170466,-105.116441,40.170836,-105.103148,1041,1230.8988297432832,898.0,0.0,5.22473100000002
63f6343321f6706fbd731d26342f31cc84472c82,route_2022-08-20_7.39pm.gpx,2022-08-21 01:18:08+00:00,2022-08-21 01:39:19+00:00,40.170496,-105.118104,40.172367,-105.124876,1255,938.380750291156,730.0,0.0,-0.0
ea83099cd1dce81e39755a6fd7503f9c2e1c2143,route_2022-08-23_6.20pm.gpx,2022-08-24 00:09:36+00:00,2022-08-24 00:20:54+00:00,40.170473,-105.114675,40.170798,-105.103975,679,947.9945505588207,667.0,0.0,-0.0
d40be7c13edb5201d95b51b92ce17f8441a83b27,route_2022-10-16_3.55pm.gpx,2022-10-16 21:05:15+00:00,2022-10-16 21:55:52+00:00,40.169268,-105.121262,40.172626,-105.124738,3036,3570.694966460318,2579.0,0.0,-0.0
d2c8f22593f123e6be160c2a96101c19f214bad0,route_2022-10-21_2.25pm.gpx,2022-10-21 19:26:26+00:00,2022-10-21 20:25:56+00:00,40.165481,-105.121153,40.172653,-105.124708,3407,5053.788134589835,2955.0,0.0,-0.0
3fa9b121982735a4d5d1cf3baa595be216e5bb74,route_2022-10-22_3.03pm.gpx,2022-10-22 19:22:26+00:00,2022-10-22 21:03:48+00:00,40.164601,-105.121134,40.172283,-105.124598,6075,5337.543843290128,4652.0,0.0,-0.0
3278d350ae89767f6500018bcf0f2473ccccb98a,route_2022-10-29_10.38am.gpx,2022-10-29 16:22:54+00:00,2022-10-29 16:38:43+00:00,40.166123,-105.102502,40.170838,-105.102969,950,743.1283426111441,747.0,0.0,-0.0
4fc9459c1114c305b092c65d3030dfa6937c193e,route_2022-11-27_9.15am.gpx,2022-11-27 15:37:25+00:00,2022-11-27 16:15:12+00:00,40.165524,-105.121197,40.172555,-105.12482,2265,3151.0659133246236,2241.0,0.0,-0.0
888ae87a6fc4842c5a26b34a0895dfe27b1becde,route_2022-12-10_4.50pm.gpx,2022-12-10 23:36:07+00:00,2022-12-10 23:50:39+00:00,40.170583,-105.106585,40.169578,-105.102309,391,522.1589175856362,573.0,0.0,-0.0
cc0ce344fe904d4f78658c79ddb94d2a2d7ce124,route_2023-04-03_2.59pm.gpx,2023-04-03 20:17:10+00:00,2023-04-03 20:59:48+00:00,40.168332,-105.121211,40.172582,-105.124836,2526,3547.193958285003,2234.0,0.0,-0.0
6a7228214b376d4a175db9051134c35d28a16233,route_2023-04-17_2.39pm.gpx,2023-04-17 20:02:37+00:00,2023-04-17 20:39:57+00:00,40.168429,-105.121161,40.172684,-105.124693,2235,3494.3566937063915,2156.0,0.0,-0.0
cb9198971f578da7fe1207e40c71972316554163,route_2023-04-18_3.01pm.gpx,2023-04-18 20:18:55+00:00,2023-04-18 21:01:31+00:00,40.1691,-105.12118,40.172626,-105.124669,2539,3634.0303980708513,2306.0,0.0,-0.0
8612b30816f06123328054626ef2299ddc8e04e5,route_2023-04-19_1.07pm.gpx,2023-04-19 18:29:18+00:00,2023-04-19 19:07:48+00:00,40.163274,-105.12118,40.172584,-105.124798,2311,2944.0665757538877,1797.0,0.0,-0.0
529bf401693a248787c202cb2d19281b243d0983,route_2023-05-07_6.26pm.gpx,2023-05-07 23:44:17+00:00,2023-05-08 00:26:47+00:00,40.168257,-105.121178,40.172625,-105.124816,2517,3517.6615779043323,2295.0,0.0,-0.0
4d1bd95f86f07e41a1fee9d72e76e677ef6f6d49,route_2023-05-08_4.41pm.gpx,2023-05-08 22:06:38+00:00,2023-05-08 22:41:16+00:00,40.170637,-105.105859,40.168156,-105.103,2072,726.226491936333,443.0,0.0,-0.0
e2acabd6f35889ce12376e0e214d173bd73a268e,route_2023-05-08_5.26pm.gpx,2023-05-08 23:04:10+00:00,2023-05-08 23:26:58+00:00,40.170291,-105.121429,40.172524,-105.124894,1341,772.8925498337144,574.0,0.0,-0.0
b95420e758f2a0ff0a3bf5f189068421852440a2,route_2023-05-09_6.11pm.gpx,2023-05-09 23:35:38+00:00,2023-05-10 00:11:50+00:00,40.168121,-105.121176,40.172502,-105.124558,2173,3421.738509134629,2170.0,0.0,-0.0
75bd8d1322875677fc876df66bcb2dcad91c8c75,route_2023-05-12_5.34pm.gpx,2023-05-12 22:28:46+00:00,2023-05-12 23:34:09+00:00,40.161707,-105.121971,40.172628,-105.124766,3916,4773.6954296461045,3177.0,0.0,-0.0
59d06898bf6114c3dc3068740d6a5555a9f77600,route_2023-05-24_6.54pm.gpx,2023-05-25 00:04:19+00:00,2023-05-25 00:54:21+00:00,40.166322,-105.121224,40.172469,-105.124715,2985,3304.8792755190134,2126.0,0.0,-0.0
aea833c5230136961a70fd4f57ed5a457bf4fb59,route_2023-05-25_3.49pm.gpx,2023-05-25 21:21:34+00:00,2023-05-25 21:49:19+00:00,40.162671,-105.126653,40.172667,-105.124834,1656,2036.9361457070554,1346.0,0.0,4.573963000000049
2e3111a80a571679f243ea427751636e3b1232e1,route_2023-06-02_3.17pm.gpx,2023-06-02 19:59:41+00:00,2023-06-02 21:17:02+00:00,40.166683,-105.121172,40.172602,-105.124823,4611,5406.627468798578,3583.0,0.0,-0.0
37b58ff99ae1150af19db40a4c2f21d12c4c69cf,route_2023-06-04_3.32pm.gpx,2023-06-04 20:25:08+00:00,2023-06-04 21:32:31+00:00,40.166878,-105.121161,40.172584,-105.124784,4044,5429.92572793458,3860.0,0.0,-0.0
ace069f3facb1bc3ab0923e9921ccb0eac2b03bf,route_2023-06-13_8.31pm.gpx,2023-06-14 00:54:23+00:00,2023-06-14 02:31:16+00:00,40.166001,-105.12119,40.172617,-105.124785,5738,5642.662750112589,3831.0,0.0,-0.0
0cf665fe9f6ed56bac08b5298bc294ebdb1ebfbf,route_2023-06-14_7.29pm.gpx,2023-06-15 00:12:38+00:00,2023-06-15 01:29:47+00:00,40.168974,-105.121205,40.17279,-105.124625,4586,5749.887353879138,3808.0,0.0,-0.0
13543b981beda721e77516bf14d402dbb75f779b,route_2023-06-22_1.37pm.gpx,2023-06-22 19:17:21+00:00,2023-06-22 19:37:53+00:00,40.162866,-105.121152,40.152178,-105.130653,1229,4012.244005755749,649.0,0.0,-0.0
0855d918176aa4d34dd80f60cf1700b81c42ee80,route_2023-06-23_4.08pm.gpx,2023-06-23 21:06:24+00:00,2023-06-23 22:08:48+00:00,40.168182,-105.12122,40.172674,-105.124784,3745,3686.892509816895,2733.0,0.0,-0.0
4aa2ace41de3a3d84add9db98ebcfc534d60d56c,route_2023-06-28_6.33pm.gpx,2023-06-28 23:54:47+00:00,2023-06-29 00:33:43+00:00,40.166555,-105.136397,40.172584,-105.124819,2290,3063.6454930833434,2085.0,0.0,-0.0
a30c9d947b1c18d92014aad06ba5e9956395b2e3,route_2023-07-03_5.06pm.gpx,2023-07-03 22:51:20+00:00,2023-07-03 23:06:15+00:00,40.167872,-105.141706,40.172494,-105.124753,895,3066.9111028421585,709.0,0.0,-0.0
7f6aa5352222a8547b5d0e5d76a4f3c182a148f5,route_2023-07-04_3.04pm.gpx,2023-07-04 20:54:17+00:00,2023-07-04 21:04:16+00:00,40.170983,-105.123428,40.172526,-105.124842,600,453.8705836159715,258.0,0.0,-0.0
3382c442a85a4bd12b9603c7b2803726de51cced,route_2023-07-08_6.05pm.gpx,2023-07-08 22:50:55+00:00,2023-07-09 00:05:08+00:00,40.167599,-105.121227,40.172182,-105.125041,4443,5510.339419299174,3729.0,0.0,-0.0
5854ebb0ee34784054761823384d7ec025a1cc38,route_2023-07-09_9.29pm.gpx,2023-07-10 03:29:21+00:00,2023-07-10 03:29:23+00:00,40.172624,-105.124896,40.172621,-105.124891,3,0.5401417235384492,1.0,0.0,-0.0
31ee8b9e1b47fd88f74dcea4f54332c7765315cf,route_2023-07-10_6.58pm.gpx,2023-07-10 23:44:35+00:00,2023-07-11 00:58:04+00:00,40.166166,-105.121201,40.172541,-105.12485,3915,5732.28820805497,4064.0,0.0,19.802535000000034
c8aa09570d1e0c863b54d57e410be5a9151e5559,route_2023-07-11_6.06pm.gpx,2023-07-11 23:08:42+00:00,2023-07-12 00:06:01+00:00,40.162639,-105.125321,40.172635,-105.124769,3430,4158.010523151181,2852.0,0.0,-0.0
10c492f68efd4606fe9c5a96960c30a469b0bdb3,route_2023-07-16_7.17pm.gpx,2023-07-17 00:23:11+00:00,2023-07-17 01:17:47+00:00,40.162463,-105.125128,40.172247,-105.124777,3270,4725.250677710295,3257.0,0.0,-0.0
e8ae27101edad8d40bc9fad6feb4c8e3be865eb9,route_2023-08-08_2.41pm.gpx,2023-08-08 20:32:04+00:00,2023-08-08 20:41:25+00:00,40.168934,-105.121211,40.161799,-105.121245,562,801.2342642263623,559.0,0.0,-0.0
0e171a3b731ea44889cd9fe41ef0bf3695292e07,route_2023-08-09_1.31pm.gpx,2023-08-09 18:57:51+00:00,2023-08-09 19:31:03+00:00,40.161362,-105.121431,40.172609,-105.124685,1977,2705.222566705702,1758.0,0.0,-0.0
a84b657db48b436de8385747243cc0bbcfb1099b,route_2023-08-10_1.06pm.gpx,2023-08-10 18:06:45+00:00,2023-08-10 19:06:07+00:00,40.167743,-105.121156,40.172561,-105.124778,3563,3505.5859259476365,2400.0,0.0,-0.0
ab0cb80d8336609842561ea61fcc3111605f95dd,route_2023-08-11_2.23pm.gpx,2023-08-11 19:11:46+00:00,2023-08-11 20:23:05+00:00,40.168383,-105.121208,40.172617,-105.124578,4249,5563.564441190545,3809.0,0.0,-0.0
704535bdc2bb542347a505cda5dbd1b0e7235838,route_2023-08-12_3.48pm.gpx,2023-08-12 21:10:01+00:00,2023-08-12 21:48:37+00:00,40.166397,-105.135096,40.172601,-105.124803,2288,3037.646960230884,2103.0,0.0,-0.0
801bfcf035f66b4fb1abd0fe5bc94606a9a0c447,route_2023-08-17_6.00pm.gpx,2023-08-17 22:58:12+00:00,2023-08-18 00:00:01+00:00,40.167351,-105.121286,40.172637,-105.124785,3710,5364.812667616097,3487.0,0.0,-0.0
fb13f845cd551ba9d8f6476a6525027c26363ba9,route_2023-08-18_5.04pm.gpx,2023-08-18 22:04:15+00:00,2023-08-18 23:04:26+00:00,40.168449,-105.12121,40.172318,-105.124475,3605,5435.968622874362,3436.0,0.0,-0.0
fa3233c34388cb2e876109177c8571ffd9e3690a,route_2023-08-19_4.20pm.gpx,2023-08-19 21:57:49+00:00,2023-08-19 22:20:07+00:00,40.163381,-105.128528,40.172654,-105.124716,1320,1809.1877437396847,1243.0,0.0,-0.0
a3819407a53ff1cba8c7fb487fd1035799aced96,route_2023-08-23_4.55pm.gpx,2023-08-23 22:11:50+00:00,2023-08-23 22:55:08+00:00,40.169538,-105.121175,40.172631,-105.124848,2599,3632.723713890662,2304.0,0.0,-0.0
39f0103d414411749ae196d94c2632236fd013eb,route_2023-08-29_3.19pm.gpx,2023-08-29 20:39:08+00:00,2023-08-29 21:19:57+00:00,40.165357,-105.121164,40.172613,-105.124784,2409,3321.1390536562485,2233.0,0.0,-0.0
9370dc1329e4f3cf9da37e12db85eecf5cf3b9b3,route_2023-08-30_6.53pm.gpx,2023-08-31 00:25:34+00:00,2023-08-31 00:53:38+00:00,40.170072,-105.122014,40.16594,-105.109138,1677,1814.0503170531688,1199.0,0.0,-0.0
b203c79c3c1e30bdf508b9a8d8cd00f8fd87c27a,route_2023-09-05_5.20pm.gpx,2023-09-05 22:42:41+00:00,2023-09-05 23:20:01+00:00,40.164791,-105.121171,40.172534,-105.124968,2218,3602.7613759654787,1532.0,0.0,-0.0
45d3afe0f429257b4c4fb9688257167ecc0f30f2,route_2023-09-16_11.40am.gpx,2023-09-16 15:53:39+00:00,2023-09-16 17:40:54+00:00,40.22511,-105.350796,40.230035,-105.33998,5851,6290.292975525673,5316.0,0.0,-0.0
046b48d5d62a695eef21c24defdc0d1553a3f972,route_2023-09-19_8.57am.gpx,2023-09-19 14:02:21+00:00,2023-09-19 14:57:43+00:00,40.170367,-105.117831,40.172543,-105.124714,3312,3551.37577062286,2901.0,0.0,-0.0
f91638ade891bc7488c2da08806a794fe3cece40,route_2023-09-20_9.02am.gpx,2023-09-20 14:04:49+00:00,2023-09-20 15:02:10+00:00,40.169062,-105.118472,40.172568,-105.124831,3419,3508.9124297706576,2680.0,0.0,-0.0
f086eccf34258553abe29e268483939dd3a5c807,route_2023-09-21_8.55am.gpx,2023-09-21 14:07:50+00:00,2023-09-21 14:55:47+00:00,40.169038,-105.116664,40.172586,-105.124749,2878,3175.97235549853,2483.0,0.0,-0.0
a9188fad820880510bf112fc1010b47eb2a0b573,route_2023-10-06_6.20pm.gpx,2023-10-07 00:08:23+00:00,2023-10-07 00:20:05+00:00,40.175006,-105.121043,40.17259,-105.124587,703,728.6160217777297,477.0,0.0,-0.0
21a78d4d47e95f5725307902d6e9910c48a79392,route_2023-11-13_2.38pm.gpx,2023-11-13 21:34:38+00:00,2023-11-13 21:38:49+00:00,37.762993,-122.412413,37.763107,-122.412305,252,24.27374382705927,4.0,0.0,-0.0
b174a1bc4d6f061650fc1a53276f5b63c0d6800e,route_2024-02-06_5.24pm.gpx,2024-02-06 23:13:00+00:00,2024-02-07 00:24:40+00:00,40.16914,-105.121229,40.172559,-105.124791,3753,5339.499568153988,3365.0,3.3787130000000616,-0.0
c97ddbab435e08557c65d1317d1f3abb5fdcec53,route_2024-02-13_4.45pm.gpx,2024-02-13 22:31:15+00:00,2024-02-13 23:45:53+00:00,40.168457,-105.121237,40.172634,-105.12472,4479,6194.459617875558,3964.0,0.0,-0.0
11701fec509a1c62dc7a6143f19774290343e3d5,route_2024-02-19_12.12pm.gpx,2024-02-19 18:20:54+00:00,2024-02-19 19:12:12+00:00,40.157306,-105.110465,40.17249,-105.12451,3079,4643.151752408431,2953.0,0.0,-0.0
62cdc3d52780f1b4121385401087fd431a4aa2fe,route_2024-03-12_7.28pm.gpx,2024-03-13 00:20:39+00:00,2024-03-13 01:28:16+00:00,40.165615,-105.121185,40.172573,-105.124795,4058,5193.17806727111,3407.0,0.0,-0.0
8cbe7f8ed7036f848061b512eb24f2bc4f4b2cb6,route_2024-03-16_12.49pm.gpx,2024-03-16 18:43:50+00:00,2024-03-16 18:49:09+00:00,40.160429,-105.11901,40.160355,-105.118919,320,29.06708729086039,14.0,0.0,-0.0
f17573b3fd423b26a2521874d8d37780818acba4,route_2024-03-16_2.50pm.gpx,2024-03-16 20:50:54+00:00,2024-03-16 20:50:58+00:00,40.172579,-105.124726,40.172579,-105.124726,5,0.0,0.0,0.0,-0.0
14c186b3e210fc3f6be24f3264a942b0d1be64e5,route_2024-03-19_7.35pm.gpx,2024-03-20 00:19:38+00:00,2024-03-20 01:35:31+00:00,40.168322,-105.121236,40.172596,-105.124617,4554,5549.998502282372,4019.0,0.0,-0.0
7d81bd9c9c032841d81c8fb71367dc24c7fbf013,route_2024-03-21_6.36pm.gpx,2024-03-21 23:24:59+00:00,2024-03-22 00:36:39+00:00,40.166921,-105.121258,40.172584,-105.124823,4301,5275.633923719141,3976.0,0.0,-0.0
e98f3727ea1d39844e7875a1d8ae967034a0a426,route_2024-03-22_3.27pm.gpx,2024-03-22 20:05:46+00:00,2024-03-22 21:27:26+00:00,40.1646,-105.12119,40.172612,-105.124792,4901,5295.74811139251,3513.0,0.0,-0.0
500e2d991612d5423a43d1a714efbd29fad32fa6,route_2024-03-28_4.42pm.gpx,2024-03-28 21:42:20+00:00,2024-03-28 22:42:54+00:00,40.161788,-105.123402,40.172561,-105.124804,3635,4577.230201873055,2915.0,0.0,-0.0
cb49541204aaeda18ebc116ca7f75e7e05f04e5c,route_2024-04-02_5.07pm.gpx,2024-04-02 21:54:01+00:00,2024-04-02 23:07:07+00:00,40.168969,-105.121229,40.172515,-105.124807,4387,6114.310734735411,4017.0,0.0,-0.0
39c208fcd8945367b4be51413671a38ba198ec36,route_2024-04-03_2.59pm.gpx,2024-04-03 19:35:06+00:00,2024-04-03 20:59:38+00:00,40.166043,-105.121188,40.172584,-105.124818,5073,6116.721432543107,3978.0,0.0,-0.0
8aac74e73d70682fcd43db0c0bf4560c86c8087c,route_2024-04-04_5.47pm.gpx,2024-04-04 22:48:13+00:00,2024-04-04 23:47:08+00:00,40.168258,-105.121236,40.172466,-105.124419,3536,6005.163018025907,3523.0,0.0,-0.0
8e8ac1cdccf6ef08758b98c5047e10db7b031652,route_2024-04-07_5.31pm.gpx,2024-04-07 22:56:23+00:00,2024-04-07 23:31:52+00:00,40.168612,-105.140846,40.172611,-105.124812,2130,2957.7817618813515,1910.0,0.0,-0.0
89a8252efdeedc4601b046a5691a695d4c7f6f7c,route_2024-04-08_5.26pm.gpx,2024-04-08 22:18:39+00:00,2024-04-08 23:26:53+00:00,40.161796,-105.124363,40.172552,-105.12479,4095,5125.733655982902,3415.0,0.0,-0.0
3172e6ea14386ffd416cbf822a5364dc61635e30,route_2024-04-09_5.44pm.gpx,2024-04-09 22:20:21+00:00,2024-04-09 23:44:27+00:00,40.168616,-105.121213,40.172593,-105.124763,5047,6399.90927182935,4354.0,0.0,-0.0
44a27bf0f492229f6793ea9e68a70939e5171ef5,route_2024-04-11_6.18pm.gpx,2024-04-11 23:12:19+00:00,2024-04-12 00:18:03+00:00,40.161757,-105.12354,40.172575,-105.124793,3945,5070.606406547993,3373.0,0.0,-0.0
1362257ee32e1d0bf9e17c1660ac4b43d3daa0d7,route_2024-04-16_5.03pm.gpx,2024-04-16 21:32:29+00:00,2024-04-16 23:03:31+00:00,40.165097,-105.12119,40.172543,-105.124589,5463,6606.361871894934,4398.0,0.0,-0.0
cf6e62c8128b3445cbe036f06e06de32f0e9730a,route_2024-05-03_4.40pm.gpx,2024-05-03 21:52:08+00:00,2024-05-03 22:40:46+00:00,40.013416,-105.294624,40.014525,-105.272439,2918,4612.623883501863,2836.0,0.0,-0.0
88343d902be33fbdec06a66f465c36392c0d415d,route_2024-05-09_8.32am.gpx,2024-05-09 14:23:46+00:00,2024-05-09 14:32:24+00:00,47.659304,-122.136655,47.653088,-122.138481,519,741.1836872654064,484.0,0.0,-0.0
ad1772deb8872ff38187ffe90166c59edf4d997f,route_2024-05-12_4.09pm.gpx,2024-05-12 20:12:44+00:00,2024-05-12 22:09:13+00:00,40.172191,-105.124404,40.166898,-105.131337,6989,5606.904965705485,4534.0,0.0,-0.0
175e5e36e321ee7bc31d1661670ba36170742ed7,route_2024-05-17_8.48pm.gpx,2024-05-18 02:23:13+00:00,2024-05-18 02:48:17+00:00,40.172659,-105.125169,40.172498,-105.124499,1505,663.7994667970532,538.0,0.0,-0.0
ff4d0b7936000ffaee53ed098fd180daa40d0bc5,route_2024-05-19_3.19pm.gpx,2024-05-19 20:14:03+00:00,2024-05-19 21:19:55+00:00,40.164893,-105.121184,40.172556,-105.124721,3953,5844.9584117453305,3710.0,0.0,-0.0
8b6e22a6b9769e48322b94c27afda9e883314da4,route_2024-05-22_6.35pm.gpx,2024-05-22 23:05:37+00:00,2024-05-23 00:35:29+00:00,40.167428,-105.121232,40.172567,-105.124801,5393,6005.680515173319,3866.0,0.0,-0.0
842ce3be27eb41c23e2ba60095bdb512bd3b0866,route_2024-05-23_7.54pm.gpx,2024-05-24 00:54:29+00:00,2024-05-24 01:54:44+00:00,40.16485,-105.121191,40.172567,-105.124655,3616,5329.067785302088,3299.0,0.0,-0.0
d55bfc05e3eb96bd69f7cd4a384311bdb4815043,route_2024-05-29_8.44am.gpx,2024-05-29 14:18:30+00:00,2024-05-29 14:44:29+00:00,48.220595,11.626496,48.212004,11.616918,1560,1609.4248920039822,1457.0,0.0,-0.0
b61c8fe8f2f15b3f7d7d250f4a1cd719de23d295,route_2024-05-30_11.32am.gpx,2024-05-30 17:10:11+00:00,2024-05-30 17:32:46+00:00,48.172469,11.59593,48.161963,11.594177,1356,1567.1926131221217,1255.0,0.0,-0.0
763b003c0412d6ef1a60c65680670a946811be3b,route_2024-05-31_9.11am.gpx,2024-05-31 15:01:10+00:00,2024-05-31 15:11:34+00:00,49.455854,11.078795,49.455038,11.076828,625,223.7341522571129,181.0,0.0,-0.0
82b45a10e344c8ec7a985395afc8bbd79ed9d6cc,route_2024-06-02_11.49am.gpx,2024-06-02 17:16:04+00:00,2024-06-02 17:49:35+00:00,49.439855,1.098563,49.443289,1.086767,2012,1954.8837795567838,1487.0,0.0,-0.0
a12cf8b0492c3417bb02d19f4d86f1737f5387b2,route_2024-06-03_6.50am.gpx,2024-06-03 12:35:46+00:00,2024-06-03 12:50:43+00:00,49.359701,-0.859034,49.357615,-0.85103,898,1088.0705379833917,797.0,0.0,-0.0
b2a9ba36d2e697f63226b5eb43e1d385f0abf546,route_2024-06-04_7.20am.gpx,2024-06-04 13:01:26+00:00,2024-06-04 13:20:52+00:00,48.851834,2.361141,48.85358,2.349188,1167,1233.2605558966866,996.0,0.0,-0.0
443806312c6c0e2d34ba1fa854485a332d11d873,route_2024-06-05_6.19am.gpx,2024-06-05 11:26:30+00:00,2024-06-05 12:19:25+00:00,51.503365,-0.133896,51.502784,-0.119242,3176,3356.796608514327,2747.0,0.0,-0.0
5c3bb9c61fd59ac74d006217cfc048f37ad0a46a,route_2024-06-06_1.38pm.gpx,2024-06-06 19:38:12+00:00,2024-06-06 19:38:18+00:00,48.857141,2.293819,48.857172,2.29379,7,4.530522635051732,5.0,0.0,-0.0
71f102058c1700a9897ff46268b904d45ef9207c,route_2024-06-06_3.00am.gpx,2024-06-06 08:46:19+00:00,2024-06-06 09:00:53+00:00,48.873489,2.296413,48.874633,2.293427,816,753.836835245477,614.0,0.0,-0.0
15922f5c94520568da96468a5f209e0f87e82c1c,route_2024-06-06_4.00pm.gpx,2024-06-06 21:52:04+00:00,2024-06-06 22:00:30+00:00,48.864229,2.310242,48.867205,2.312906,507,505.5532856029668,410.0,0.0,-0.0
ad53509906d061b96b76fb628856614f506c10da,route_2024-06-06_4.14am.gpx,2024-06-06 09:58:03+00:00,2024-06-06 10:14:20+00:00,48.862225,2.30119,48.86101,2.333602,978,3486.5274495765016,857.0,0.0,-0.0
97bf2d4a6fdf7db4cabb92e3c2e0f192a2b4bcb2,route_2024-06-08_7.23pm.gpx,2024-06-09 01:11:14+00:00,2024-06-09 01:23:58+00:00,40.16675,-105.121115,40.166581,-105.115445,765,517.3692507792346,396.0,0.0,-0.0
0bc19482fdfcdf8ad8cd8fc33f0eb370ccaaa140,route_2024-06-08_9.04pm.gpx,2024-06-09 02:59:42+00:00,2024-06-09 03:04:03+00:00,40.171057,-105.123589,40.17263,-105.12461,262,249.55448379001126,217.0,0.0,-0.0
6db74c3d3508f6c38ea0d22714c57d16adcf9f18,route_2024-06-12_4.39pm.gpx,2024-06-12 21:13:01+00:00,2024-06-12 22:39:19+00:00,40.16374,-105.121248,40.172564,-105.124782,5179,5450.666904911926,3288.0,0.0,-0.0
2d72174acb24ae2f5f6a40748a908e4441d0a96b,route_2024-06-14_1.23pm.gpx,2024-06-14 18:34:24+00:00,2024-06-14 19:23:45+00:00,40.01579,-105.272614,40.014576,-105.267029,2915,4687.354878931972,2682.0,0.0,-0.0
b8dd85a893c6345d6026027a0b22d123d2250c17,route_2024-06-19_7.26pm.gpx,2024-06-20 00:25:37+00:00,2024-06-20 01:26:08+00:00,40.163236,-105.121219,40.172343,-105.124777,2610,5184.2654703338485,3591.0,31.046064000000115,-0.0
eb10fb4f7d0f50c6858f89083d22534ee85884e2,route_2024-06-20_6.37pm.gpx,2024-06-21 00:02:25+00:00,2024-06-21 00:37:23+00:00,40.167188,-105.138932,40.172619,-105.124776,2099,3213.756456862885,2040.0,0.0,-0.0
1d12520cc530445547c8ddf90f2270d8c97c9cee,route_2024-06-21_3.23pm.gpx,2024-06-21 20:33:46+00:00,2024-06-21 21:23:08+00:00,40.170805,-105.123395,40.17265,-105.124722,2963,4579.9403590607635,2877.0,0.0,-0.0
3370ce9689f8ad5953b31dc0553ac5c8565f20f5,route_2024-06-24_8.51pm.gpx,2024-06-25 01:38:39+00:00,2024-06-25 02:51:33+00:00,40.171355,-105.123724,40.172524,-105.1247,4375,6320.217593300642,4268.0,0.0,-0.0
d34797d46c41abc5dbf1e559e45ae96f9462dcec,route_2024-06-25_7.20pm.gpx,2024-06-26 00:32:00+00:00,2024-06-26 01:20:31+00:00,40.163397,-105.121232,40.172595,-105.124893,2912,3544.0415520625247,2436.0,0.0,-0.0
2de5fd7dc399eb0178e85f626fd00378938acf0e,route_2024-06-30_1.43pm.gpx,2024-06-30 19:00:39+00:00,2024-06-30 19:43:45+00:00,40.16619,-105.133249,40.171895,-105.124207,2587,3637.5694147868444,2553.0,0.0,-0.0
d771f2e396de0b0ed911632b4782519f01dc0ae2,route_2024-06-30_12.32pm.gpx,2024-06-30 18:03:15+00:00,2024-06-30 18:32:20+00:00,40.170447,-105.123864,40.16171,-105.122012,1747,1358.1542282741088,1043.0,0.0,-0.0
ab736b8edbc5c9d3a894edfc1c5d21f358939c31,route_2024-07-07_2.35pm.gpx,2024-07-07 19:06:42+00:00,2024-07-07 20:35:19+00:00,40.172068,-105.123928,40.172626,-105.124811,5318,7561.304629196988,5141.0,0.0,-0.0
992806de4666b324ac5cfd55bf41caf6c8cfc35b,route_2024-07-09_7.15pm.gpx,2024-07-09 23:55:22+00:00,2024-07-10 01:15:25+00:00,40.165301,-105.121163,40.172591,-105.124655,4804,5989.002866128176,4431.0,0.0,-0.0
ec6b3a0dff664aab64dc339d704e011d1bc9bcc7,route_2024-07-10_8.39pm.gpx,2024-07-11 01:29:23+00:00,2024-07-11 02:39:30+00:00,40.162109,-105.121152,40.172509,-105.124544,4208,5553.523968895137,3732.0,0.0,-0.0
e400fe53748553dcd44594cec11ba4c4776361fa,route_2024-07-16_7.13pm.gpx,2024-07-17 00:05:56+00:00,2024-07-17 01:13:55+00:00,40.164702,-105.121171,40.172576,-105.124775,4080,5806.323785246312,3903.0,0.0,-0.0
b952eb3b19043e4b7ef22f6208cf4fcb94c3df2d,route_2024-07-20_2.53pm.gpx,2024-07-20 19:51:06+00:00,2024-07-20 20:53:01+00:00,40.163076,-105.121207,40.172537,-105.124737,3716,5410.221355098931,3637.0,0.0,-0.0
2a0ed5bf4d70bd4563630a6ed00883e66f9131d9,route_2024-07-21_7.25pm.gpx,2024-07-22 01:23:55+00:00,2024-07-22 01:25:59+00:00,40.169777,-105.121584,40.169972,-105.12158,125,46.24292690699508,28.0,0.0,-0.0
a0bfb25a7cce8fb74ea09ca765ca0fa1c1bdcc18,route_2024-07-23_7.38pm.gpx,2024-07-24 00:26:17+00:00,2024-07-24 01:38:35+00:00,40.169764,-105.121246,40.172565,-105.124699,4339,6228.326154569346,4143.0,0.0,-0.0
babddce37a7b8b11dd3e11dcc4a928d22fd615a4,route_2024-07-25_8.22pm.gpx,2024-07-26 01:20:23+00:00,2024-07-26 02:22:53+00:00,40.162799,-105.124717,40.172574,-105.12473,3751,5048.875385010917,3317.0,0.0,-0.0
f82ec493884ce249c0f748a78f3d574eb9301b85,route_2024-07-26_6.38pm.gpx,2024-07-26 23:10:12+00:00,2024-07-27 00:38:25+00:00,40.170086,-105.121177,40.172588,-105.124645,5293,7069.154734767064,4853.0,0.0,-0.0
4c40b298ddf255389ab05dcaf2ebb434ec03daa6,route_2024-07-27_4.31pm.gpx,2024-07-27 21:39:01+00:00,2024-07-27 22:31:00+00:00,40.162441,-105.12639,40.172221,-105.124455,3120,4654.026933052122,2959.0,0.0,-0.0
2ee638c0554601e3f0e701f260bd3b0414ade854,route_2024-07-28_10.49am.gpx,2024-07-28 15:42:57+00:00,2024-07-28 16:49:54+00:00,40.171936,-105.123744,40.17256,-105.124792,4018,4632.769563960286,3208.0,0.0,-0.0
caec7322de94169ff079fc47a0405cefee69a1ef,route_2024-08-05_8.23pm.gpx,2024-08-06 01:33:45+00:00,2024-08-06 02:23:49+00:00,40.161702,-105.123911,40.172551,-105.124645,3005,4331.638662173071,2787.0,0.0,-0.0
e507d2484bab433b726729fea4f8f1b5fad77dc5,route_2024-08-07_6.56pm.gpx,2024-08-08 00:43:10+00:00,2024-08-08 00:56:51+00:00,40.165595,-105.121188,40.161682,-105.121987,822,523.662835808781,337.0,0.0,-0.0
03ff9f57347447781264e700f1aaa07606a5c2a4,route_2024-08-11_8.45am.gpx,2024-08-11 11:30:53+00:00,2024-08-11 14:45:34+00:00,39.382673,-106.06291,39.382761,-106.06287,11682,8054.372452426652,8065.0,0.0,-0.0
91e1207835a3873b285d4c5f7c35fb9a851f61fc,route_2024-08-14_2.40pm.gpx,2024-08-14 19:46:25+00:00,2024-08-14 20:40:03+00:00,40.162749,-105.121185,40.172621,-105.124816,3219,5492.6482482407355,2988.0,0.0,-0.0
6d386b2be6ae1c17d35198a04f03d3f7eccb8d9a,route_2024-08-15_1.20pm.gpx,2024-08-15 18:20:58+00:00,2024-08-15 19:20:20+00:00,40.172285,-105.124457,40.172161,-105.124234,3434,6783.366431282986,3422.0,0.0,-0.0
eaa3e03aa71537a9df347f28d160348c49dedb0b,route_2024-08-16_5.34pm.gpx,2024-08-16 22:17:53+00:00,2024-08-16 23:34:56+00:00,40.162853,-105.121088,40.171774,-105.123622,4624,5401.470631815361,3623.0,0.0,-0.0
07f12d28fdccf3738a698294ce1a9816de078ec4,route_2024-08-18_7.24pm.gpx,2024-08-19 00:29:35+00:00,2024-08-19 01:24:29+00:00,40.164706,-105.12134,40.145036,-105.126934,3295,7109.002172877655,2741.0,0.0,-0.0
b01f86f70c4c3d979b2b94c7580b04d92fecb161,route_2024-08-23_7.09pm.gpx,2024-08-23 23:56:20+00:00,2024-08-24 01:09:16+00:00,40.172368,-105.124846,40.172634,-105.124713,4376,6857.741081196418,4136.0,0.0,-0.0
a28e9a3dbb6cd2a02989cc25e6adbe089d10aa9b,route_2024-08-24_3.01pm.gpx,2024-08-24 20:03:15+00:00,2024-08-24 21:01:20+00:00,40.169204,-105.121248,40.172151,-105.124414,3381,5922.771358175152,3310.0,0.0,-0.0
83205d75478c225814e8d182b6056df38aa64619,route_2024-08-24_6.10pm.gpx,2024-08-24 23:35:01+00:00,2024-08-25 00:10:57+00:00,40.01595,-105.272603,40.008846,-105.267573,2156,1361.1371930278035,935.0,0.0,-0.0
42743010a194f046ef048d9fbdaabdb3c7723e56,route_2024-08-24_7.36pm.gpx,2024-08-25 01:16:11+00:00,2024-08-25 01:36:30+00:00,40.011439,-105.264199,40.021501,-105.258294,1220,3137.479503597412,1103.0,0.0,-0.0
bd2645133edcc1a88c337320630f719f2964789b,route_2024-08-25_5.50pm.gpx,2024-08-25 23:38:50+00:00,2024-08-25 23:50:09+00:00,40.169748,-105.121222,40.162859,-105.127265,656,1708.6664115131862,679.0,0.0,-0.0
5b1f7ac9037d052b291ff16fd61e5486c76c1c57,route_2024-08-25_6.04pm.gpx,2024-08-25 23:51:31+00:00,2024-08-26 00:04:56+00:00,40.162903,-105.127295,40.166928,-105.137075,696,1129.4640487206934,713.0,0.0,-0.0
e208fd19beafaa8f648fad185d06696343cc3e51,route_2024-08-25_6.37pm.gpx,2024-08-26 00:19:37+00:00,2024-08-26 00:37:57+00:00,40.168296,-105.134139,40.172222,-105.124426,1100,1919.9994797481907,1052.0,0.0,-0.0
ba2b22620df785a6ec6ce3a3808ddbc5868e3f9c,route_2024-08-27_6.03pm.gpx,2024-08-27 23:52:41+00:00,2024-08-28 00:03:56+00:00,40.172174,-105.12444,40.161767,-105.123104,674,1660.832360731333,638.0,6.152962000000116,-0.0
bbbbd319d656e65de91ed7b1b95486b25b3d2201,route_2024-08-27_6.59pm.gpx,2024-08-28 00:21:07+00:00,2024-08-28 00:59:45+00:00,40.166223,-105.133674,40.172218,-105.124427,2319,3716.4170480126922,2248.0,0.0,-0.0
67e3b6fa03a990d644f6650dd1d4b5bf1c56d63a,route_2024-08-30_4.59pm.gpx,2024-08-30 19:43:42+00:00,2024-08-30 22:59:57+00:00,40.271771,-105.556963,40.272099,-105.556445,10038,10940.704346903118,9928.0,74.6260470000002,-0.0
87fb265b52fd6eb75c04dfc6d16c5d52de569b44,route_2024-09-06_6.57pm.gpx,2024-09-07 00:06:41+00:00,2024-09-07 00:57:38+00:00,40.161738,-105.123668,40.172475,-105.124916,3058,4939.636424632161,2938.0,0.0,-0.0
8269c7a2f125d7b4b03fa1192ec4a2a86a091366,route_2024-09-15_10.36am.gpx,2024-09-15 15:58:46+00:00,2024-09-15 16:36:40+00:00,40.16225,-105.100005,40.162128,-105.100087,2069,4987.714505125461,2062.0,0.0,-0.0
7df5f34dadd53acf49c740b66bd435009006cc3d,route_2024-09-16_8.20am.gpx,2024-09-16 14:11:55+00:00,2024-09-16 14:20:22+00:00,37.400273,-121.977605,37.405191,-121.976471,508,607.3204359726271,470.0,0.0,-0.0
0666e9a6eb842e41552112cf1c13981f14d1d46b,route_2024-09-17_8.56am.gpx,2024-09-17 14:43:54+00:00,2024-09-17 14:56:02+00:00,37.398251,-121.977642,37.405138,-121.976722,726,848.9780964744164,640.0,0.0,-0.0
9ea35110e862f3c75006ebbcf64fd9cbc71b5cd4,route_2024-09-28_5.12pm.gpx,2024-09-28 22:13:18+00:00,2024-09-28 23:12:15+00:00,40.163352,-105.121235,40.172235,-105.124454,3538,5546.909996201109,3418.0,0.0,-0.0
c5d687deb174757a380a9c0fc685551b1b9bb6ee,route_2024-10-08_7.17pm.gpx,2024-10-09 00:07:58+00:00,2024-10-09 01:17:33+00:00,40.162565,-105.121155,40.172564,-105.124505,4161,4073.7893959672547,2786.0,0.0,-0.0
2bc1d41b68833803c2b419e7edd37366369bf963,route_2024-10-12_6.33pm.gpx,2024-10-13 00:18:00+00:00,2024-10-13 00:33:37+00:00,40.009396,-105.271043,40.006322,-105.268124,938,942.010390175909,646.0,0.0,-0.0
4714336cc42df0ca3b1ecc0cd6fba70782086594,route_2024-10-12_9.50pm.gpx,2024-10-13 03:36:54+00:00,2024-10-13 03:50:33+00:00,40.014532,-105.272709,40.017231,-105.26976,821,723.1820543069081,268.0,0.0,-0.0
3ffae62b5e89e2eea68104c0879c946bd786f98f,route_2024-11-02_11.14am.gpx,2024-11-02 16:25:09+00:00,2024-11-02 17:14:06+00:00,40.169802,-105.121186,40.172595,-105.124735,2936,4104.594341596316,2859.0,1515.875496,-0.0
dba9dc3dbb5f6d15d01dce5ac2fa752452058495,route_2025-03-02_2.20pm.gpx,2025-03-02 20:11:34+00:00,2025-03-02 21:20:27+00:00,40.171897,-105.123709,40.172458,-105.124439,4131,6548.019533129693,4061.0,1516.224625,-0.0
23c8286e6ebc4e33c785121e63c82325b2ded2c9,route_2025-03-08_11.01am.gpx,2025-03-08 17:20:04+00:00,2025-03-08 18:01:37+00:00,40.165639,-105.103332,40.172612,-105.124741,2492,2629.0648859420457,2101.0,1522.953723,-0.0
129128da23c2b5327258cbdd108be759e5c8ba93,route_2025-03-08_9.54am.gpx,2025-03-08 16:14:44+00:00,2025-03-08 16:54:43+00:00,40.171756,-105.123961,40.165406,-105.102948,2396,2620.652125581447,2068.0,1520.578388,-0.0
9babbe3541f951a457783d2ed5a31b59f8e9bcb6,route_2025-03-09_6.00pm.gpx,2025-03-09 22:51:53+00:00,2025-03-10 00:00:45+00:00,40.171064,-105.122981,40.172588,-105.124828,4130,6325.872197083163,4058.0,1514.984915,-0.0
6f8649ab095ed58d6296758e9445ab57344e6283,route_2025-03-23_11.00am.gpx,2025-03-23 15:19:01+00:00,2025-03-23 17:00:27+00:00,37.259118,-112.95133,37.275539,-112.944872,6070,7796.867358035321,4450.0,1401.089241,-0.0
9ae4fde7afe8955abef5f471d1471d4675acf2ce,route_2025-04-01_6.07pm.gpx,2025-04-01 23:08:18+00:00,2025-04-02 00:07:16+00:00,40.17181,-105.124023,40.172602,-105.124806,3535,4001.747665870643,2774.0,1518.118447,-0.0
119629ed90d0573cecbf7d06a11d3826c44a4f8b,route_2025-04-11_4.59pm.gpx,2025-04-11 21:34:52+00:00,2025-04-11 22:59:58+00:00,40.171884,-105.123775,40.172616,-105.124839,5104,4782.562803153316,3751.0,1535.726157,-0.0
d75862546eab81ec190849f4d7bd46c3269c1d3d,route_2025-04-15_6.18pm.gpx,2025-04-15 22:31:02+00:00,2025-04-16 00:18:51+00:00,40.171951,-105.124165,40.172615,-105.124837,6467,6601.2545770754605,5205.0,1521.647485,-0.0
46435e56f372f1ffcc97322369fbd4fc94a8be87,route_2025-04-22_7.00pm.gpx,2025-04-22 23:39:29+00:00,2025-04-23 01:00:03+00:00,40.17042,-105.121507,40.17262,-105.124789,4829,6119.30018278616,4022.0,1522.549619,-0.0
117a5928747a6981c589285f9168c65626bd646f,route_2025-04-23_6.01pm.gpx,2025-04-23 23:05:36+00:00,2025-04-24 00:01:21+00:00,40.171925,-105.123793,40.148384,-105.102011,3342,4338.546723444171,3180.0,1514.881216,-0.0
6798266fd072a8078a6d35346111169dfccd47a5,route_2025-04-26_5.25pm.gpx,2025-04-26 22:46:01+00:00,2025-04-26 23:25:02+00:00,40.164211,-105.128607,40.172582,-105.124682,2328,3720.032352488167,2244.0,1523.631408,-0.0
bfd49c7058c875dc18642fcbc2cb7d4834b78bfb,route_2025-04-27_1.24pm.gpx,2025-04-27 18:02:39+00:00,2025-04-27 19:24:09+00:00,40.172143,-105.124199,40.172599,-105.124594,4890,6633.524852361183,4307.0,0.0,-0.0
f1f4593a86ffce75732f9bb1cc406864205d42c3,route_2025-04-30_6.17pm.gpx,2025-04-30 22:58:39+00:00,2025-05-01 00:17:03+00:00,40.169616,-105.121158,40.172559,-105.124837,4699,6270.704307088621,4070.0,1521.168516,-0.0
cd387aed0610b21caf6b6980b5c71f97fca22cc2,route_2025-05-02_8.22pm.gpx,2025-05-03 01:12:13+00:00,2025-05-03 02:22:46+00:00,40.169799,-105.139601,40.172563,-105.124493,4189,3074.5860013929037,1957.0,1549.694953,-0.0
894858dc446244c0d488accdf0d3f59944b7a5b0,route_2025-05-08_3.49pm.gpx,2025-05-08 20:18:30+00:00,2025-05-08 21:49:31+00:00,40.171909,-105.123804,40.172577,-105.124812,5463,6534.74267656217,4625.0,1514.290717,-0.0
5576789299ab6bdeef4b280e3a3d44cc4aeae80c,route_2025-05-20_2.15pm.gpx,2025-05-20 19:29:30+00:00,2025-05-20 20:15:55+00:00,40.16984,-105.121254,40.17264,-105.124703,2784,4030.484028885464,2647.0,1516.802281,-0.0
bff50011c3e86cd379ae53772ab07beb0b056bbe,route_2025-05-21_2.12pm.gpx,2025-05-21 18:13:38+00:00,2025-05-21 20:12:35+00:00,40.1699,-105.121192,40.172633,-105.124711,7135,7444.5915837151915,5257.0,1515.606759,-0.0
4ddd46f5dc60662aff60c1937e279b64282a7b48,route_2025-05-23_12.34pm.gpx,2025-05-23 17:30:08+00:00,2025-05-23 18:34:43+00:00,40.169856,-105.121248,40.17258,-105.124774,3867,6028.05327188496,3804.0,1545.266684,-0.0
ef5d8e3edf615ecabc6a2d905acfc41d01bc244d,route_2025-05-27_3.04pm.gpx,2025-05-27 19:43:03+00:00,2025-05-27 21:04:14+00:00,40.170143,-105.123833,40.172582,-105.124763,4870,6504.468240743172,4644.0,1516.583918,-0.0
686268da73b582a3f71f6a7099970b9d246ac9a0,route_2025-05-30_12.30pm.gpx,2025-05-30 17:10:38+00:00,2025-05-30 18:30:22+00:00,40.172762,-105.123665,40.172589,-105.124781,4787,6506.470067609975,4238.0,1514.976432,-0.0
97fc6abfc8993d77e1bae53c0fcc8495f55151a1,route_2025-06-01_12.49pm.gpx,2025-06-01 17:18:30+00:00,2025-06-01 18:49:27+00:00,40.171836,-105.123752,40.172593,-105.124775,5455,7796.383192449705,4878.0,1515.52277,-0.0
8b13c138df4e115ea7a581e0bc9e0dd8bb4e325a,route_2025-06-02_2.02pm.gpx,2025-06-02 18:47:41+00:00,2025-06-02 20:02:58+00:00,40.171371,-105.123294,40.172749,-105.124656,4517,6444.49018547953,4211.0,1514.558065,-0.0
38daab08deb46aeb4a4ce18aa4550854363ac9a2,route_2025-06-05_6.01pm.gpx,2025-06-05 22:26:53+00:00,2025-06-06 00:01:49+00:00,40.171975,-105.123792,40.172509,-105.124782,5690,6577.778409965792,4738.0,1520.531126,-0.0
7f31a70593b9f317c6ff8a55611b0d5a3cd3e26a,route_2025-06-15_1.47pm.gpx,2025-06-15 19:20:56+00:00,2025-06-15 19:47:18+00:00,40.171961,-105.12377,40.170828,-105.102862,1542,1964.533114826895,1475.0,1526.342776,-0.0
ceeaebbd84aab9c52e67ddb6cf7352038227b343,route_2025-07-14_3.18pm.gpx,2025-07-14 19:52:37+00:00,2025-07-14 21:18:10+00:00,40.171934,-105.123681,40.172535,-105.124716,3509,5136.901989971892,4220.0,3063.185273,1525.056628
107b44ea1b66635b9ff42eef85af823a5064915f,route_2025-07-19_3.26pm.gpx,2025-07-19 20:00:45+00:00,2025-07-19 21:26:20+00:00,40.171864,-105.123608,40.172485,-105.124716,5133,7487.720061789902,4749.0,1514.3211,-0.0
d1b6421a1328538ecf43562b3714da483c16b70c,route_2025-07-25_2.06pm.gpx,2025-07-25 18:05:52+00:00,2025-07-25 20:06:30+00:00,40.171979,-105.123877,40.172642,-105.124691,7236,9683.964260927602,6281.0,1515.507172,-0.0
b827dd0528527ee4bd2c16b0e7c7298365822242,route_2025-07-26_4.51pm.gpx,2025-07-26 21:55:03+00:00,2025-07-26 22:51:54+00:00,40.167524,-105.140606,40.172595,-105.124744,3406,3450.735090666948,2269.0,1549.377784,-0.0
0728d1c62f21c5b58437b7ea798ebb24214d41ce,route_2025-08-02_2.35pm.gpx,2025-08-02 19:41:36+00:00,2025-08-02 20:35:28+00:00,40.172056,-105.124077,40.17265,-105.124699,3230,5068.020424675332,3097.0,1515.041624,-0.0
0020bd8af75f003ba8ba6f5e142863d12e81bd46,route_2025-08-07_5.30pm.gpx,2025-08-07 22:12:29+00:00,2025-08-07 23:30:23+00:00,40.171821,-105.123869,40.172292,-105.124606,4671,6306.707318271002,4486.0,1517.132576,-0.0
5ac95b93d42166c3c3f09ca1b51cfa8a18eb4d27,route_2025-08-09_2.49pm.gpx,2025-08-09 20:12:49+00:00,2025-08-09 20:49:07+00:00,40.212576,-105.290336,40.211907,-105.289272,1521,1842.657532746115,1789.0,1712.477759,-0.0
c3902566e9aacc0b372a926794e6c97c2546b22f,route_2025-08-15_6.55pm.gpx,2025-08-16 00:24:04+00:00,2025-08-16 00:55:19+00:00,40.015027,-105.280417,40.016785,-105.275547,1768,1540.6997682132653,1347.0,1632.248747,-0.0
3499883637494ec2a83df7b724fde9c72e2ebc18,route_2025-08-17_5.20pm.gpx,2025-08-17 21:30:07+00:00,2025-08-17 23:20:00+00:00,40.172143,-105.124344,40.172616,-105.124647,6593,9471.066769489003,5997.0,0.0,-0.0
dc12eb3cd8f7a5219db32a7773bdc9f684516f66,route_2025-08-18_6.19pm.gpx,2025-08-18 22:29:51+00:00,2025-08-19 00:19:55+00:00,40.172244,-105.124368,40.172624,-105.12477,6543,9788.27297001104,6306.0,1520.750259,1529.303426
b5eecd9aa4a7bf369f517d6d5314826ce52c7fed,route_2025-08-19_5.48pm.gpx,2025-08-19 22:21:43+00:00,2025-08-19 23:48:38+00:00,40.172237,-105.12448,40.172615,-105.124763,5215,7286.8354608628215,5125.0,0.0,-0.0
68e161cd17130c7e8e4f3c83835f24bbd849ccae,route_2025-08-20_3.57pm.gpx,2025-08-20 20:28:25+00:00,2025-08-20 21:57:32+00:00,40.171887,-105.123709,40.170724,-105.121991,5338,6983.239317547832,5315.0,1521.423979,-0.0
353c8dcffa31c3ca2a4fcbb3210576b2f8cb667b,route_2025-08-26_1.21pm.gpx,2025-08-26 17:42:05+00:00,2025-08-26 19:21:54+00:00,40.171377,-105.123274,40.172537,-105.124796,5990,9173.2383030177,5920.0,0.0,-0.0
bca8e6af9280a14d7918ac5f6598728ebf58d13a,route_2025-08-29_3.25pm.gpx,2025-08-29 20:00:22+00:00,2025-08-29 21:25:14+00:00,40.172532,-105.124564,40.172234,-105.124456,5092,9273.304840763296,5085.0,0.0,-0.0
