week_start,days,total_steps,avg_steps,goal_days
2016-12-26,1,3999.0,3999.0,0
2017-01-02,7,31424.0,4489.142857142857,0
2017-01-09,7,23122.0,3303.1428571428573,0
2017-01-16,7,33090.0,4727.142857142857,0
2017-01-23,7,25276.0,3610.8571428571427,0
2017-01-30,7,29510.0,4215.714285714285,0
2017-02-06,7,16350.0,2335.714285714286,0
2017-02-13,7,27377.0,3911.0,0
2017-02-20,7,24760.0,3537.1428571428573,0
2017-02-27,7,16003.0,2286.1428571428573,0
2017-03-06,7,22406.0,3200.8571428571427,0
2017-03-13,7,23860.0,3408.5714285714284,0
2017-03-20,7,37799.0,5399.857142857143,0
2017-03-27,7,26098.0,3728.285714285714,0
2017-04-03,7,30106.0,4300.857142857143,1
2017-04-10,7,36260.0,5180.0,1
2017-04-17,7,22852.0,3264.5714285714284,0
2017-04-24,7,18164.0,2594.8571428571427,0
2017-05-01,7,12769.0,1824.142857142857,0
2017-05-08,7,27389.0,3912.714285714286,0
2017-05-15,7,73991.0,10570.142857142857,3
2017-05-22,7,22379.0,3197.0,0
2017-05-29,7,35692.0,5098.857142857143,0
2017-06-05,7,32987.0,4712.428571428572,0
2017-06-12,7,22202.0,3171.714285714286,0
2017-06-19,7,21449.0,3064.1428571428573,0
2017-06-26,7,9638.0,1376.857142857143,0
2017-07-03,7,12764.0,1823.4285714285713,0
2017-07-10,7,20307.0,2901.0,0
2017-07-17,7,39773.0,5681.857142857143,1
2017-07-24,7,27890.0,3984.285714285714,0
2017-07-31,7,27587.0,3941.0,0
2017-08-07,7,16661.0,2380.1428571428573,0
2017-08-14,7,28911.0,4130.142857142857,0
2017-08-21,7,17939.0,2562.714285714286,0
2017-08-28,7,31588.0,4512.571428571428,0
2017-09-04,7,32722.0,4674.571428571428,0
2017-09-11,7,30253.0,4321.857142857143,0
2017-09-18,7,29120.0,4160.0,0
2017-09-25,7,43544.0,6220.571428571428,1
2017-10-02,7,37448.0,5349.714285714285,0
2017-10-09,7,29031.0,4147.285714285715,0
2017-10-16,7,41617.0,5945.285714285715,1
2017-10-23,7,19465.0,2780.714285714286,0
2017-10-30,7,25573.0,3653.285714285714,0
2017-11-06,5,11836.0,2367.2,0
2017-11-13,1,0.0,0.0,0
2017-11-20,1,0.0,0.0,0
2017-12-04,4,0.0,0.0,0
2017-12-11,2,0.0,0.0,0
2017-12-18,3,0.0,0.0,0
2017-12-25,2,0.0,0.0,0
2018-01-01,4,0.0,0.0,0
2018-01-08,3,0.0,0.0,0
2018-01-15,3,0.0,0.0,0
2018-01-22,1,0.0,0.0,0
2018-01-29,2,0.0,0.0,0
2018-02-05,2,0.0,0.0,0
2018-02-12,1,0.0,0.0,0
2018-02-19,1,0.0,0.0,0
2018-02-26,2,0.0,0.0,0
2018-03-05,2,0.0,0.0,0
2018-03-12,1,0.0,0.0,0
2018-03-19,3,0.0,0.0,0
2018-04-02,2,0.0,0.0,0
2018-04-09,1,0.0,0.0,0
2018-04-16,1,0.0,0.0,0
2018-04-23,1,0.0,0.0,0
2018-04-30,1,0.0,0.0,0
2018-05-07,1,0.0,0.0,0
2018-05-14,2,0.0,0.0,0
2018-05-28,1,0.0,0.0,0
2018-06-04,3,0.0,0.0,0
2018-06-11,1,0.0,0.0,0
2018-06-18,4,0.0,0.0,0
2018-06-25,1,0.0,0.0,0
2018-07-02,1,0.0,0.0,0
2018-07-09,1,0.0,0.0,0
2018-07-16,1,0.0,0.0,0
2018-08-06,4,0.0,0.0,0
2018-08-13,1,0.0,0.0,0
2018-08-20,1,0.0,0.0,0
2018-08-27,2,0.0,0.0,0
2018-09-03,1,0.0,0.0,0
2018-09-10,1,0.0,0.0,0
2018-09-17,1,0.0,0.0,0
2018-09-24,1,0.0,0.0,0
2018-10-01,1,0.0,0.0,0
2018-10-08,1,0.0,0.0,0
2018-10-15,1,0.0,0.0,0
2018-10-29,1,0.0,0.0,0
2018-11-12,3,0.0,0.0,0
2018-11-19,1,0.0,0.0,0
2018-12-17,3,15500.0,5166.666666666667,1
2018-12-24,7,38410.0,5487.142857142857,1
2018-12-31,7,52002.0,7428.857142857143,1
2019-01-07,7,45377.0,6482.428571428572,0
2019-01-14,7,71199.0,10171.285714285714,4
2019-01-21,7,51822.0,7403.142857142857,1
2019-01-28,7,48154.0,6879.142857142857,1
2019-02-04,7,55980.0,7997.142857142857,2
2019-02-11,7,53742.0,7677.428571428572,2
2019-02-18,7,82670.0,11810.0,5
2019-02-25,7,59536.0,8505.142857142857,2
2019-03-04,7,53243.0,7606.142857142857,2
2019-03-11,7,57973.0,8281.857142857143,2
2019-03-18,7,41882.0,5983.142857142857,0
2019-03-25,7,91029.0,13004.142857142857,5
2019-04-01,7,72298.0,10328.285714285714,4
2019-04-08,7,81809.0,11687.0,5
2019-04-15,7,99902.0,14271.714285714286,5
2019-04-22,7,62288.0,8898.285714285714,2
2019-04-29,7,38769.0,5538.428571428572,0
2019-05-06,7,55831.0,7975.857142857143,1
2019-05-13,7,43540.0,6220.0,0
2019-05-20,7,48205.0,6886.428571428572,2
2019-05-27,7,44177.0,6311.0,1
2019-06-03,7,91434.0,13062.0,4
2019-06-10,7,39722.0,5674.571428571428,0
2019-06-17,7,63608.0,9086.857142857143,3
2019-06-24,7,44285.0,6326.428571428572,1
2019-07-01,7,48622.0,6946.0,1
2019-07-08,7,53294.0,7613.428571428572,2
2019-07-15,7,49094.0,7013.428571428572,2
2019-07-22,7,55545.0,7935.0,1
2019-07-29,7,75439.0,10777.0,3
2019-08-05,7,83078.0,11868.285714285714,5
2019-08-12,7,82852.0,11836.0,5
2019-08-19,7,83023.0,11860.42857142857,2
2019-08-26,7,40439.0,5777.0,0
2019-09-02,7,58462.0,8351.714285714286,2
2019-09-09,7,69751.0,9964.42857142857,3
2019-09-16,7,115865.0,16552.14285714286,6
2019-09-23,7,101134.0,14447.714285714286,5
2019-09-30,7,59648.0,8521.142857142857,2
2019-10-07,7,82908.0,11844.0,5
2019-10-14,7,53556.0,7650.857142857143,2
2019-10-21,7,87078.0,12439.714285714286,6
2019-10-28,7,58981.0,8425.857142857143,2
2019-11-04,7,64445.0,9206.42857142857,2
2019-11-11,7,62624.0,8946.285714285714,2
2019-11-18,7,44194.0,6313.428571428572,1
2019-11-25,7,33330.0,4761.428571428572,0
2019-12-02,7,59256.0,8465.142857142857,4
2019-12-09,7,73465.0,10495.0,4
2019-12-16,7,211059.0,30151.285714285714,6
2019-12-23,7,49329.0,7047.0,2
2019-12-30,7,62644.0,8949.142857142857,3
2020-01-06,7,60857.0,8693.857142857143,1
2020-01-13,7,40643.0,5806.142857142857,0
2020-01-20,7,29795.0,4256.428571428572,0
2020-01-27,7,16639.0,2377.0,0
2020-02-03,7,48209.0,6887.0,1
2020-02-10,7,46683.0,6669.0,1
2020-02-17,7,43738.0,6248.285714285715,1
2020-02-24,7,38998.0,5571.142857142857,0
2020-03-02,7,32269.0,4609.857142857143,1
2020-03-09,7,13397.0,1913.857142857143,0
2020-03-16,7,9092.0,1298.857142857143,0
2020-03-23,7,7487.0,1069.5714285714287,0
2020-03-30,7,13103.0,1871.857142857143,0
2020-04-06,7,7658.0,1094.0,0
2020-04-13,7,6943.0,991.8571428571429,0
2020-04-20,7,26755.0,3822.1428571428573,1
2020-04-27,7,12808.0,1829.7142857142858,0
2020-05-04,7,19756.0,2822.285714285714,0
2020-05-11,7,23518.0,3359.714285714286,1
2020-05-18,7,8058.0,1151.142857142857,0
2020-05-25,7,18810.0,2687.1428571428573,0
2020-06-01,7,48459.0,6922.714285714285,3
2020-06-08,7,24043.0,3434.714285714286,0
2020-06-15,7,25492.0,3641.714285714286,0
2020-06-22,7,30041.0,4291.571428571428,1
2020-06-29,7,37522.0,5360.285714285715,2
2020-07-06,7,18288.0,2612.5714285714284,0
2020-07-13,7,14143.0,2020.4285714285713,0
2020-07-20,7,6498.0,928.2857142857143,0
2020-07-27,6,6313.0,1052.1666666666667,0
2020-08-03,5,3549.0,709.8,0
2020-08-10,5,4602.0,920.4,0
2020-08-17,4,3186.0,796.5,0
2020-08-24,7,7074.0,1010.5714285714286,0
2020-08-31,6,2412.0,402.0,0
2020-09-07,7,9666.0,1380.857142857143,0
2020-09-14,7,16708.0,2386.8571428571427,0
2020-09-21,7,46339.0,6619.857142857143,1
2020-09-28,7,37569.0,5367.0,2
2020-10-05,7,28473.0,4067.5714285714284,1
2020-10-12,7,21811.0,3115.8571428571427,0
2020-10-19,7,29967.0,4281.0,1
2020-10-26,7,36093.0,5156.142857142857,2
2020-11-02,7,79047.0,11292.42857142857,6
2020-11-09,7,39086.0,5583.714285714285,2
2020-11-16,7,84290.0,12041.42857142857,6
2020-11-23,7,57506.0,8215.142857142857,1
2020-11-30,7,57169.0,8167.0,3
2020-12-07,7,9049.0,1292.7142857142858,0
2020-12-14,7,39651.0,5664.428571428572,2
2020-12-21,7,37318.0,5331.142857142857,1
2020-12-28,7,17631.0,2518.714285714286,0
2021-01-04,7,35590.0,5084.285714285715,2
2021-01-11,7,40707.0,5815.285714285715,1
2021-01-18,7,52063.0,7437.571428571428,1
2021-01-25,7,34621.0,4945.857142857143,1
2021-02-01,7,76805.0,10972.142857142857,4
2021-02-08,7,16363.0,2337.5714285714284,0
2021-02-15,7,34138.0,4876.857142857143,1
2021-02-22,7,35099.0,5014.142857142857,1
2021-03-01,7,63357.0,9051.0,3
2021-03-08,7,30755.0,4393.571428571428,2
2021-03-15,7,24215.0,3459.285714285714,1
2021-03-22,7,37532.0,5361.714285714285,2
2021-03-29,7,23307.0,3329.5714285714284,1
2021-04-05,7,65788.0,9398.285714285714,4
2021-04-12,7,20692.0,2956.0,1
2021-04-19,7,22157.0,3165.285714285714,1
2021-04-26,7,37415.0,5345.0,2
2021-05-03,7,46917.0,6702.428571428572,1
2021-05-10,7,28536.0,4076.5714285714284,0
2021-05-17,7,24059.0,3437.0,0
2021-05-24,7,27831.0,3975.8571428571427,0
2021-05-31,7,49870.0,7124.285714285715,4
2021-06-07,7,40848.0,5835.428571428572,2
2021-06-14,7,56812.0,8116.0,2
2021-06-21,7,46264.0,6609.142857142857,1
2021-06-28,7,61571.0,8795.857142857143,2
2021-07-05,7,32363.0,4623.285714285715,0
2021-07-12,7,32337.0,4619.571428571428,1
2021-07-19,7,50265.0,7180.714285714285,1
2021-07-26,7,66624.0,9517.714285714286,3
2021-08-02,7,59749.0,8535.57142857143,2
2021-08-09,7,141877.0,20268.14285714286,6
2021-08-16,7,87562.0,12508.857142857143,4
2021-08-23,7,32435.0,4633.571428571428,0
2021-08-30,7,56959.0,8137.0,1
2021-09-06,7,86935.0,12419.285714285714,3
2021-09-13,7,85253.0,12179.0,4
2021-09-20,7,101738.0,14534.0,4
2021-09-27,7,103281.0,14754.42857142857,4
2021-10-04,7,92200.0,13171.42857142857,4
2021-10-11,7,87384.0,12483.42857142857,3
2021-10-18,7,49010.0,7001.428571428572,1
2021-10-25,7,63579.0,9082.714285714286,2
2021-11-01,7,95097.0,13585.285714285714,5
2021-11-08,7,76953.0,10993.285714285714,4
2021-11-15,7,66369.0,9481.285714285714,3
2021-11-22,7,79962.0,11423.142857142857,3
2021-11-29,7,90077.0,12868.142857142857,5
2021-12-06,7,69070.0,9867.142857142857,3
2021-12-13,7,66362.0,9480.285714285714,2
2021-12-20,7,131724.0,18817.714285714286,6
2021-12-27,7,122262.0,17466.0,6
2022-01-03,7,78259.0,11179.857142857143,4
2022-01-10,7,35702.0,5100.285714285715,0
2022-01-17,7,70484.0,10069.142857142857,3
2022-01-24,7,62279.0,8897.0,2
2022-01-31,7,73820.0,10545.714285714286,4
2022-02-07,7,79830.0,11404.285714285714,3
2022-02-14,7,103633.0,14804.714285714286,4
2022-02-21,7,107433.0,15347.57142857143,3
2022-02-28,7,95033.0,13576.142857142857,7
2022-03-07,7,129596.0,18513.714285714286,5
2022-03-14,7,83282.0,11897.42857142857,3
2022-03-21,7,98059.0,14008.42857142857,3
2022-03-28,7,126008.0,18001.14285714286,6
2022-04-04,7,176229.0,25175.571428571428,7
2022-04-11,7,210607.0,30086.714285714286,7
2022-04-18,7,183698.0,26242.571428571428,7
2022-04-25,7,254333.0,36333.28571428572,7
2022-05-02,7,154967.0,22138.14285714286,7
2022-05-09,7,101765.0,14537.857142857143,4
2022-05-16,7,138000.0,19714.285714285714,5
2022-05-23,7,180000.0,25714.285714285714,7
2022-05-30,7,67749.0,9678.42857142857,3
2022-06-06,7,84316.0,12045.142857142857,3
2022-06-13,7,100649.0,14378.42857142857,6
2022-06-20,7,170227.0,24318.14285714286,5
2022-06-27,7,146520.0,20931.428571428572,7
2022-07-04,7,138838.0,19834.0,7
2022-07-11,7,155422.0,22203.14285714286,6
2022-07-18,7,140026.0,20003.714285714286,5
2022-07-25,7,90781.0,12968.714285714286,5
2022-08-01,7,131492.0,18784.571428571428,6
2022-08-08,7,138331.0,19761.571428571428,7
2022-08-15,7,119924.0,17132.0,3
2022-08-22,7,123889.0,17698.428571428572,6
2022-08-29,7,87122.0,12446.0,5
2022-09-05,7,100415.0,14345.0,4
2022-09-12,7,79594.0,11370.57142857143,5
2022-09-19,7,79733.0,11390.42857142857,4
2022-09-26,7,86073.0,12296.142857142857,4
2022-10-03,7,105689.0,15098.42857142857,6
2022-10-10,7,121892.0,17413.14285714286,5
2022-10-17,7,145500.0,20785.714285714286,5
2022-10-24,7,76569.0,10938.42857142857,3
2022-10-31,7,73199.0,10457.0,4
2022-11-07,7,106916.0,15273.714285714286,6
2022-11-14,7,30038.0,4291.142857142857,1
2022-11-21,7,95032.0,13576.0,5
2022-11-28,7,70863.0,10123.285714285714,4
2022-12-05,7,100542.0,14363.142857142857,3
2022-12-12,7,79252.0,11321.714285714286,2
2022-12-19,7,112825.0,16117.857142857143,5
2022-12-26,7,71147.0,10163.857142857143,1
2023-01-02,7,70472.0,10067.42857142857,1
2023-01-09,7,60277.0,8611.0,2
2023-01-16,7,62642.0,8948.857142857143,4
2023-01-23,7,54533.0,7790.428571428572,1
2023-01-30,7,53163.0,7594.714285714285,2
2023-02-06,7,54203.0,7743.285714285715,0
2023-02-13,7,85640.0,12234.285714285714,5
2023-02-20,7,88544.0,12649.142857142857,2
2023-02-27,7,95845.0,13692.142857142857,4
2023-03-06,7,77858.0,11122.57142857143,2
2023-03-13,7,73237.0,10462.42857142857,2
2023-03-20,7,83566.0,11938.0,4
2023-03-27,7,34707.0,4958.142857142857,0
2023-04-03,7,77833.0,11119.0,3
2023-04-10,7,78453.0,11207.57142857143,4
2023-04-17,7,102800.0,14685.714285714286,5
2023-04-24,7,79473.0,11353.285714285714,4
2023-05-01,7,65649.0,9378.42857142857,2
2023-05-08,7,92189.0,13169.857142857143,4
2023-05-15,7,69094.0,9870.57142857143,3
2023-05-22,7,109586.0,15655.142857142857,3
2023-05-29,7,118161.0,16880.14285714286,6
2023-06-05,7,131346.0,18763.714285714286,6
2023-06-12,7,126497.0,18071.0,4
2023-06-19,7,126607.0,18086.714285714286,5
2023-06-26,7,142189.0,20312.714285714286,6
2023-07-03,7,100988.0,14426.857142857143,4
2023-07-10,7,138828.0,19832.571428571428,5
2023-07-17,7,108339.0,15477.0,4
2023-07-24,7,61507.0,8786.714285714286,2
2023-07-31,7,91850.0,13121.42857142857,5
2023-08-07,7,132336.0,18905.14285714286,5
2023-08-14,7,98806.0,14115.142857142857,3
2023-08-21,7,85669.0,12238.42857142857,3
2023-08-28,7,102091.0,14584.42857142857,6
2023-09-04,7,106675.0,15239.285714285714,4
2023-09-11,7,92215.0,13173.57142857143,2
2023-09-18,7,97602.0,13943.142857142857,4
2023-09-25,7,62414.0,8916.285714285714,1
2023-10-02,7,63574.0,9082.0,2
2023-10-09,7,49887.0,7126.714285714285,1
2023-10-16,7,69076.0,9868.0,2
2023-10-23,7,60797.0,8685.285714285714,2
2023-10-30,7,74017.0,10573.857142857143,3
2023-11-06,7,61421.0,8774.42857142857,2
2023-11-13,7,68350.0,9764.285714285714,3
2023-11-20,7,60264.0,8609.142857142857,2
2023-11-27,7,31555.0,4507.857142857143,1
2023-12-04,7,25858.0,3694.0,0
2023-12-11,7,27970.0,3995.714285714286,0
2023-12-18,7,42722.0,6103.142857142857,2
2023-12-25,7,83147.0,11878.142857142857,4
2024-01-01,7,100725.0,14389.285714285714,5
2024-01-08,7,62822.0,8974.57142857143,2
2024-01-15,7,80903.0,11557.57142857143,4
2024-01-22,7,66823.0,9546.142857142857,2
2024-01-29,7,67488.0,9641.142857142857,4
2024-02-05,7,85409.0,12201.285714285714,4
2024-02-12,7,74018.0,10574.0,3
2024-02-19,7,102741.0,14677.285714285714,4
2024-02-26,7,70131.0,10018.714285714286,3
2024-03-04,7,44677.0,6382.428571428572,0
2024-03-11,7,84420.0,12060.0,4
2024-03-18,7,113057.0,16151.0,4
2024-03-25,7,117227.0,16746.714285714286,5
2024-04-01,7,135856.0,19408.0,6
2024-04-08,7,129117.0,18445.285714285714,5
2024-04-15,7,87935.0,12562.142857142857,4
2024-04-22,7,143514.0,20502.0,5
2024-04-29,7,103309.0,14758.42857142857,4
2024-05-06,7,143335.0,20476.428571428572,6
2024-05-13,7,94714.0,13530.57142857143,3
2024-05-20,7,101715.0,14530.714285714286,4
2024-05-27,7,154343.0,22049.0,7
2024-06-03,7,228330.0,32618.571428571428,6
2024-06-10,7,152823.0,21831.85714285714,6
2024-06-17,7,135700.0,19385.714285714286,6
2024-06-24,7,169265.0,24180.714285714286,7
2024-07-01,7,152546.0,21792.285714285714,7
2024-07-08,7,140269.0,20038.428571428572,6
2024-07-15,7,159423.0,22774.714285714286,6
2024-07-22,7,152043.0,21720.428571428572,6
2024-07-29,7,88787.0,12683.857142857143,4
2024-08-05,7,148305.0,21186.428571428572,6
2024-08-12,7,167924.0,23989.14285714286,7
2024-08-19,7,135342.0,19334.571428571428,5
2024-08-26,7,119652.0,17093.14285714286,5
2024-09-02,7,69279.0,9897.0,1
2024-09-09,7,105342.0,15048.857142857143,6
2024-09-16,7,63590.0,9084.285714285714,3
2024-09-23,7,79425.0,11346.42857142857,3
2024-09-30,7,122979.0,17568.428571428572,6
2024-10-07,7,125114.0,17873.428571428572,5
2024-10-14,7,76928.0,10989.714285714286,2
2024-10-21,7,108360.0,15480.0,4
2024-10-28,7,74394.0,10627.714285714286,3
2024-11-04,7,85675.0,12239.285714285714,4
2024-11-11,7,63609.0,9087.0,2
2024-11-18,7,39111.0,5587.285714285715,1
2024-11-25,7,71252.0,10178.857142857143,2
2024-12-02,7,53736.0,7676.571428571428,1
2024-12-09,7,71463.0,10209.0,3
2024-12-16,7,41610.0,5944.285714285715,1
2024-12-23,7,36568.0,5224.0,1
2024-12-30,7,41468.0,5924.0,1
2025-01-06,7,39281.0,5611.571428571428,1
2025-01-13,7,51423.0,7346.142857142857,1
2025-01-20,7,23466.0,3352.285714285714,0
2025-01-27,7,36417.0,5202.428571428572,0
2025-02-03,7,59363.0,8480.42857142857,2
2025-02-10,7,79480.0,11354.285714285714,5
2025-02-17,7,38169.0,5452.714285714285,1
2025-02-24,7,77883.0,11126.142857142857,3
2025-03-03,7,55083.0,7869.0,2
2025-03-10,7,71826.0,10260.857142857143,2
2025-03-17,7,73354.0,10479.142857142857,3
2025-03-24,7,129269.0,18467.0,3
2025-03-31,7,32890.0,4698.571428571428,2
2025-04-07,7,44989.0,6427.0,1
2025-04-14,7,81455.0,11636.42857142857,3
2025-04-21,7,126992.0,18141.714285714286,5
2025-04-28,7,70726.0,10103.714285714286,3
2025-05-05,7,70629.0,10089.857142857143,3
2025-05-12,7,68943.0,9849.0,3
2025-05-19,7,107084.0,15297.714285714286,6
2025-05-26,7,111916.0,15988.0,5
2025-06-02,7,98776.0,14110.857142857143,5
2025-06-09,7,43505.0,6215.0,1
2025-06-16,7,67027.0,9575.285714285714,2
2025-06-23,7,78515.0,11216.42857142857,3
2025-06-30,7,100920.0,14417.142857142857,5
2025-07-07,7,33938.0,4848.285714285715,1
2025-07-14,7,80634.0,11519.142857142857,3
2025-07-21,7,91628.0,13089.714285714286,3
2025-07-28,7,43642.0,6234.571428571428,3
2025-08-04,7,66259.0,9465.57142857143,4
2025-08-11,7,64679.0,9239.857142857143,2
2025-08-18,7,80775.0,11539.285714285714,3
2025-08-25,5,69211.0,13842.2,2
