month,days,total_steps,avg_steps,median_steps,goal_days,miles_est
2017-01,31,121894.0,3932.064516129032,3807.0,0,59.07845452172941
2017-02,28,95785.0,3420.8928571428573,3300.0,0,46.42418631240136
2017-03,31,109356.0,3527.6129032258063,2866.0,0,53.00165285147949
2017-04,30,121421.0,4047.366666666667,3000.5,2,58.84920526426983
2017-05,31,151267.0,4879.580645161291,4299.0,3,73.31468800874893
2017-06,30,105302.0,3510.0666666666666,2860.0,0,51.03679769346441
2017-07,31,104673.0,3376.548387096774,2577.0,1,50.731939801409276
2017-08,31,101186.0,3264.064516129032,3431.0,0,49.041892949904934
2017-09,30,151836.0,5061.2,4519.5,1,73.59046565672885
2017-10,31,140310.0,4526.129032258064,3894.0,1,68.00415076988082
2017-11,12,27951.0,2329.25,2676.5,0,13.547031702437025
2017-12,11,0.0,0.0,0.0,0,0.0
2018-01,11,0.0,0.0,0.0,0,0.0
2018-02,7,0.0,0.0,0.0,0,0.0
2018-03,7,0.0,0.0,0.0,0,0.0
2018-04,6,0.0,0.0,0.0,0,0.0
2018-05,4,0.0,0.0,0.0,0,0.0
2018-06,9,0.0,0.0,0.0,0,0.0
2018-07,3,0.0,0.0,0.0,0,0.0
2018-08,7,0.0,0.0,0.0,0,0.0
2018-09,5,0.0,0.0,0.0,0,0.0
2018-10,4,0.0,0.0,0.0,0,0.0
2018-11,4,0.0,0.0,0.0,0,0.0
2018-12,11,56609.0,5146.272727272727,4599.0,2,27.436725614226955
2019-01,31,248507.0,8016.354838709677,7051.0,7,120.44407023997415
2019-02,28,247173.0,8827.607142857143,7189.0,11,119.7975194800353
2019-03,31,266230.0,8588.064516129032,7066.0,9,129.0338896690569
2019-04,30,323352.0,10778.4,10929.5,16,156.7192513701269
2019-05,31,211461.0,6821.322580645161,6156.0,4,102.48895820646975
2019-06,30,251055.0,8368.5,6851.5,8,121.67901127170146
2019-07,31,233186.0,7522.129032258064,6747.0,7,113.01842991536904
2019-08,31,333527.0,10758.935483870968,9472.0,14,161.6507760945481
2019-09,30,354915.0,11830.5,11019.0,16,172.01691376589162
2019-10,31,312611.0,10084.225806451614,10059.0,16,151.51340300992956
2019-11,30,223866.0,7462.2,7392.0,6,108.5012986690196
2019-12,31,423367.0,13657.0,11427.0,18,205.19359488983062
2020-01,31,181154.0,5843.677419354839,5869.0,2,87.8000422533461
2020-02,29,179529.0,6190.6551724137935,5729.0,3,87.01245230964247
2020-03,31,67281.0,2170.3548387096776,1510.0,1,32.60913169373781
2020-04,30,61871.0,2062.366666666667,1157.0,1,29.987063019622955
2020-05,31,73024.0,2355.6129032258063,1430.0,1,35.392595722470084
2020-06,30,136055.0,4535.166666666667,3522.5,4,65.94187679421378
2020-07,30,73622.0,2454.0666666666666,1315.0,2,35.68242882175302
2020-08,24,19550.0,814.5833333333334,685.5,0,9.475312861172904
2020-09,29,83947.0,2894.7241379310344,1110.0,1,40.68665415636224
2020-10,31,142304.0,4590.451612903225,3163.0,6,68.970584214647
2020-11,30,266130.0,8871.0,10199.0,15,128.9854225955982
2020-12,31,148774.0,4799.1612903225805,2717.0,6,72.10640386742392
2021-01,31,171594.0,5535.290322580645,4088.0,5,83.16659003069582
2021-02,28,162405.0,5800.178571428572,2796.0,6,78.71295065057726
2021-03,31,171710.0,5539.032258064516,1891.0,9,83.22281183590789
2021-04,30,131570.0,4385.666666666667,2306.5,6,63.768128549591765
2021-05,31,160363.0,5173.0,3647.0,4,77.72325301055092
2021-06,30,198125.0,6604.166666666667,5219.5,8,96.02538929001952
2021-07,31,225804.0,7284.0,5609.0,7,109.44059055264893
2021-08,31,332809.0,10735.774193548386,8025.0,12,161.30278250711473
2021-09,30,364493.0,12149.766666666666,9509.5,13,176.65909006176446
2021-10,31,352603.0,11374.290322580646,8770.0,13,170.89635502752682
2021-11,30,328170.0,10939.0,10094.5,15,159.05439496936634
2021-12,31,452081.0,14583.258064516129,14989.0,21,219.11043036275743
2022-01,31,276272.0,8912.0,8496.0,11,133.90095318577804
2022-02,28,368163.0,13148.67857142857,10209.0,14,178.4378316576982
2022-03,31,465219.0,15007.064516129032,14649.0,21,225.47803447375944
2022-04,30,830769.0,27692.3,26403.0,29,402.6494215019822
2022-05,31,636762.0,20540.709677419356,20368.0,25,308.61990629699136
2022-06,30,475339.0,15844.633333333333,11312.5,20,230.38290230777835
2022-07,31,602646.0,19440.1935483871,19596.0,26,292.0848795158264
2022-08,31,549620.0,17729.677419354837,17370.0,24,266.3847291436241
2022-09,30,367592.0,12253.066666666668,11543.0,19,178.16108466824912
2022-10,31,490755.0,15830.806451612903,11587.0,21,237.85458635216924
2022-11,30,319643.0,10654.766666666666,10293.0,16,154.92160761554427
2022-12,31,398783.0,12863.967741935483,9900.0,14,193.27844955074752
2023-01,31,272800.0,8800.0,8462.0,8,132.2181763952925
2023-02,28,274460.0,9802.142857142857,8716.0,9,133.02272981470665
2023-03,31,342255.0,11040.483870967742,8610.0,12,165.88098226602213
2023-04,30,353375.0,11779.166666666666,11917.5,16,171.2705208346279
2023-05,31,376793.0,12154.612903225807,9763.0,14,182.6205400971827
2023-06,30,558039.0,18601.3,16361.5,23,270.4651720581108
2023-07,31,470363.0,15173.0,11581.0,18,227.9711807324742
2023-08,31,463000.0,14935.483870967742,14690.0,19,224.40255011371124
2023-09,30,386378.0,12879.266666666666,9442.5,13,187.26610908819765
2023-10,31,271478.0,8757.354838709678,6614.0,8,131.57744168416866
2023-11,30,249201.0,8306.7,7482.0,9,120.78043172977743
2023-12,31,204024.0,6581.419354838709,5750.0,7,98.88446195334734
2024-01,31,342083.0,11034.935483870968,9745.0,15,165.79761889967318
2024-02,29,317859.0,10960.655172413793,9687.0,13,154.05695502504133
2024-03,31,410499.0,13241.90322580645,10280.0,16,198.95685187716705
2024-04,30,529689.0,17656.3,18835.5,21,256.7247567325736
2024-05,31,526370.0,16979.677419354837,19514.0,21,255.11613456447986
2024-06,30,723897.0,24129.9,22782.5,27,350.85169075521645
2024-07,31,651451.0,21014.548387096773,23940.0,28,315.7392347173376
2024-08,31,601358.0,19398.645161290322,19109.0,23,291.4606236096785
2024-09,30,355115.0,11837.166666666666,10134.5,15,172.11384791280898
2024-10,31,439357.0,14172.806451612903,10148.0,17,212.94347993587436
2024-11,30,293887.0,9796.233333333334,8645.0,11,142.4384281755254
2024-12,31,219150.0,7069.354838709677,6288.0,6,106.21559148470803
2025-01,31,167546.0,5404.709677419355,6171.0,3,81.20464289708826
2025-02,28,247364.0,8834.42857142857,8445.0,10,119.89009159034138
2025-03,31,354062.0,11421.354838709678,8216.0,11,171.60348962928902
2025-04,30,327034.0,10901.133333333333,8940.0,13,158.50380901487569
2025-05,31,357554.0,11534.0,12268.0,17,173.29595983446632
2025-06,30,330267.0,11008.9,8214.0,13,160.07074949979497
2025-07,31,323382.0,10431.677419354839,8608.0,13,156.7337914921645
2025-08,29,296814.0,10234.965517241379,3941.0,12,143.8570594156611
